"","id","age","sex","region","income","married","children","car","save_act","current_act","mortgage","pep"
"1","ID12101","fourties","FEMALE","INNER_CITY","(5.01e+03,2.44e+04]","married=NO","1","car=NO","save_act=NO","current_act=NO","mortgage=NO","pep=YES"
"2","ID12102","thirties","MALE","TOWN","(2.44e+04,4.38e+04]","married=YES","3","car=YES","save_act=NO","current_act=YES","mortgage=YES","pep=NO"
"3","ID12103","fifties","FEMALE","INNER_CITY","(5.01e+03,2.44e+04]","married=YES","0","car=YES","save_act=YES","current_act=YES","mortgage=NO","pep=NO"
"4","ID12104","twenties","FEMALE","TOWN","(5.01e+03,2.44e+04]","married=YES","3","car=NO","save_act=NO","current_act=YES","mortgage=NO","pep=NO"
"5","ID12105","fifties","FEMALE","RURAL","(4.38e+04,6.31e+04]","married=YES","0","car=NO","save_act=YES","current_act=NO","mortgage=NO","pep=NO"
"6","ID12106","fifties","FEMALE","TOWN","(2.44e+04,4.38e+04]","married=YES","2","car=NO","save_act=YES","current_act=YES","mortgage=NO","pep=YES"
"7","ID12107","twenties","MALE","RURAL","(5.01e+03,2.44e+04]","married=NO","0","car=NO","save_act=NO","current_act=YES","mortgage=NO","pep=YES"
"8","ID12108","fifties","MALE","TOWN","(2.44e+04,4.38e+04]","married=YES","0","car=YES","save_act=YES","current_act=YES","mortgage=NO","pep=NO"
"9","ID12109","thirties","FEMALE","SUBURBAN","(2.44e+04,4.38e+04]","married=YES","2","car=YES","save_act=NO","current_act=NO","mortgage=NO","pep=NO"
"10","ID12110","fifties","MALE","TOWN","(5.01e+03,2.44e+04]","married=YES","2","car=YES","save_act=YES","current_act=YES","mortgage=NO","pep=NO"
"11","ID12111","old","FEMALE","TOWN","(4.38e+04,6.31e+04]","married=YES","0","car=NO","save_act=YES","current_act=YES","mortgage=NO","pep=NO"
"12","ID12112","fifties","FEMALE","INNER_CITY","(2.44e+04,4.38e+04]","married=NO","0","car=YES","save_act=YES","current_act=YES","mortgage=YES","pep=NO"
"13","ID12113","fourties","FEMALE","TOWN","(5.01e+03,2.44e+04]","married=YES","1","car=NO","save_act=YES","current_act=YES","mortgage=YES","pep=YES"
"14","ID12114","old","FEMALE","TOWN","(4.38e+04,6.31e+04]","married=YES","1","car=YES","save_act=YES","current_act=YES","mortgage=YES","pep=YES"
"15","ID12115","thirties","MALE","RURAL","(5.01e+03,2.44e+04]","married=YES","0","car=NO","save_act=YES","current_act=YES","mortgage=YES","pep=NO"
"16","ID12116","thirties","FEMALE","INNER_CITY","(5.01e+03,2.44e+04]","married=YES","0","car=YES","save_act=YES","current_act=YES","mortgage=YES","pep=NO"
"17","ID12117","thirties","FEMALE","TOWN","(5.01e+03,2.44e+04]","married=YES","2","car=NO","save_act=NO","current_act=NO","mortgage=YES","pep=NO"
"18","ID12118","fourties","FEMALE","SUBURBAN","(2.44e+04,4.38e+04]","married=YES","0","car=NO","save_act=YES","current_act=NO","mortgage=YES","pep=NO"
"19","ID12119","old","FEMALE","INNER_CITY","(2.44e+04,4.38e+04]","married=YES","0","car=NO","save_act=YES","current_act=NO","mortgage=NO","pep=YES"
"20","ID12120","thirties","MALE","TOWN","(5.01e+03,2.44e+04]","married=YES","0","car=YES","save_act=YES","current_act=YES","mortgage=NO","pep=NO"
"21","ID12121","old","MALE","INNER_CITY","(4.38e+04,6.31e+04]","married=YES","2","car=NO","save_act=YES","current_act=NO","mortgage=NO","pep=YES"
"22","ID12122","fourties","MALE","TOWN","(5.01e+03,2.44e+04]","married=YES","2","car=NO","save_act=YES","current_act=YES","mortgage=NO","pep=NO"
"23","ID12123","fifties","MALE","INNER_CITY","(2.44e+04,4.38e+04]","married=YES","0","car=NO","save_act=YES","current_act=YES","mortgage=NO","pep=NO"
"24","ID12124","twenties","FEMALE","TOWN","(5.01e+03,2.44e+04]","married=NO","0","car=YES","save_act=YES","current_act=YES","mortgage=YES","pep=NO"
"25","ID12125","twenties","MALE","INNER_CITY","(5.01e+03,2.44e+04]","married=NO","2","car=YES","save_act=YES","current_act=YES","mortgage=NO","pep=NO"
"26","ID12126","fifties","MALE","INNER_CITY","(2.44e+04,4.38e+04]","married=YES","0","car=YES","save_act=YES","current_act=YES","mortgage=YES","pep=NO"
"27","ID12127","fourties","MALE","INNER_CITY","(5.01e+03,2.44e+04]","married=YES","0","car=NO","save_act=YES","current_act=YES","mortgage=YES","pep=NO"
"28","ID12128","thirties","FEMALE","TOWN","(5.01e+03,2.44e+04]","married=YES","1","car=NO","save_act=NO","current_act=YES","mortgage=NO","pep=YES"
"29","ID12129","thirties","FEMALE","INNER_CITY","(2.44e+04,4.38e+04]","married=NO","3","car=YES","save_act=NO","current_act=YES","mortgage=YES","pep=NO"
"30","ID12130","old","MALE","RURAL","(5.01e+03,2.44e+04]","married=YES","1","car=NO","save_act=NO","current_act=YES","mortgage=NO","pep=YES"
"31","ID12131","old","FEMALE","RURAL","(5.01e+03,2.44e+04]","married=YES","2","car=NO","save_act=YES","current_act=YES","mortgage=NO","pep=NO"
"32","ID12132","teens","FEMALE","TOWN","(5.01e+03,2.44e+04]","married=YES","2","car=NO","save_act=YES","current_act=NO","mortgage=NO","pep=NO"
"33","ID12133","fourties","MALE","SUBURBAN","(5.01e+03,2.44e+04]","married=YES","1","car=YES","save_act=YES","current_act=YES","mortgage=NO","pep=YES"
"34","ID12134","thirties","FEMALE","INNER_CITY","(2.44e+04,4.38e+04]","married=NO","3","car=YES","save_act=YES","current_act=NO","mortgage=NO","pep=NO"
"35","ID12135","fourties","MALE","SUBURBAN","(2.44e+04,4.38e+04]","married=NO","0","car=NO","save_act=YES","current_act=YES","mortgage=NO","pep=YES"
"36","ID12136","twenties","FEMALE","INNER_CITY","(5.01e+03,2.44e+04]","married=YES","2","car=NO","save_act=YES","current_act=YES","mortgage=NO","pep=NO"
"37","ID12137","teens","MALE","RURAL","(5.01e+03,2.44e+04]","married=YES","3","car=YES","save_act=YES","current_act=YES","mortgage=NO","pep=NO"
"38","ID12138","thirties","FEMALE","RURAL","(5.01e+03,2.44e+04]","married=NO","0","car=YES","save_act=NO","current_act=YES","mortgage=NO","pep=YES"
"39","ID12139","fourties","FEMALE","TOWN","(5.01e+03,2.44e+04]","married=YES","0","car=YES","save_act=YES","current_act=YES","mortgage=NO","pep=NO"
"40","ID12140","old","FEMALE","SUBURBAN","(2.44e+04,4.38e+04]","married=NO","2","car=NO","save_act=NO","current_act=YES","mortgage=NO","pep=NO"
"41","ID12141","fifties","MALE","TOWN","(2.44e+04,4.38e+04]","married=YES","0","car=NO","save_act=NO","current_act=YES","mortgage=YES","pep=YES"
"42","ID12142","fourties","FEMALE","INNER_CITY","(2.44e+04,4.38e+04]","married=YES","0","car=YES","save_act=NO","current_act=YES","mortgage=NO","pep=NO"
"43","ID12143","old","MALE","TOWN","(4.38e+04,6.31e+04]","married=NO","2","car=YES","save_act=YES","current_act=NO","mortgage=NO","pep=YES"
"44","ID12144","thirties","FEMALE","TOWN","(2.44e+04,4.38e+04]","married=YES","0","car=YES","save_act=NO","current_act=YES","mortgage=YES","pep=NO"
"45","ID12145","teens","MALE","INNER_CITY","(5.01e+03,2.44e+04]","married=NO","2","car=YES","save_act=YES","current_act=YES","mortgage=YES","pep=NO"
"46","ID12146","old","MALE","INNER_CITY","(4.38e+04,6.31e+04]","married=YES","2","car=NO","save_act=YES","current_act=YES","mortgage=YES","pep=YES"
"47","ID12147","fourties","FEMALE","INNER_CITY","(5.01e+03,2.44e+04]","married=NO","1","car=YES","save_act=YES","current_act=YES","mortgage=NO","pep=YES"
"48","ID12148","twenties","MALE","INNER_CITY","(5.01e+03,2.44e+04]","married=NO","2","car=NO","save_act=YES","current_act=YES","mortgage=YES","pep=YES"
"49","ID12149","fifties","MALE","INNER_CITY","(2.44e+04,4.38e+04]","married=NO","2","car=YES","save_act=NO","current_act=YES","mortgage=NO","pep=YES"
"50","ID12150","fourties","FEMALE","RURAL","(5.01e+03,2.44e+04]","married=YES","2","car=YES","save_act=YES","current_act=NO","mortgage=NO","pep=NO"
"51","ID12151","twenties","MALE","TOWN","(5.01e+03,2.44e+04]","married=NO","2","car=YES","save_act=YES","current_act=NO","mortgage=NO","pep=NO"
"52","ID12152","thirties","MALE","TOWN","(5.01e+03,2.44e+04]","married=YES","0","car=NO","save_act=NO","current_act=NO","mortgage=NO","pep=NO"
"53","ID12153","fourties","MALE","TOWN","(5.01e+03,2.44e+04]","married=YES","1","car=NO","save_act=YES","current_act=YES","mortgage=NO","pep=YES"
"54","ID12154","fourties","MALE","SUBURBAN","(2.44e+04,4.38e+04]","married=NO","1","car=NO","save_act=YES","current_act=YES","mortgage=NO","pep=YES"
"55","ID12155","old","MALE","TOWN","(4.38e+04,6.31e+04]","married=YES","0","car=NO","save_act=YES","current_act=YES","mortgage=YES","pep=NO"
"56","ID12156","fifties","FEMALE","RURAL","(4.38e+04,6.31e+04]","married=NO","3","car=NO","save_act=YES","current_act=NO","mortgage=NO","pep=YES"
"57","ID12157","fifties","FEMALE","INNER_CITY","(2.44e+04,4.38e+04]","married=NO","0","car=NO","save_act=NO","current_act=YES","mortgage=NO","pep=YES"
"58","ID12158","twenties","MALE","INNER_CITY","(5.01e+03,2.44e+04]","married=YES","0","car=NO","save_act=YES","current_act=YES","mortgage=NO","pep=YES"
"59","ID12159","twenties","FEMALE","INNER_CITY","(5.01e+03,2.44e+04]","married=YES","0","car=NO","save_act=NO","current_act=YES","mortgage=NO","pep=NO"
"60","ID12160","thirties","MALE","INNER_CITY","(2.44e+04,4.38e+04]","married=NO","1","car=YES","save_act=YES","current_act=YES","mortgage=YES","pep=YES"
"61","ID12161","fourties","FEMALE","INNER_CITY","(2.44e+04,4.38e+04]","married=YES","1","car=NO","save_act=YES","current_act=YES","mortgage=YES","pep=YES"
"62","ID12162","old","FEMALE","INNER_CITY","(2.44e+04,4.38e+04]","married=NO","1","car=YES","save_act=NO","current_act=YES","mortgage=NO","pep=YES"
"63","ID12163","fourties","MALE","INNER_CITY","(2.44e+04,4.38e+04]","married=YES","2","car=NO","save_act=YES","current_act=YES","mortgage=NO","pep=NO"
"64","ID12164","teens","MALE","INNER_CITY","(5.01e+03,2.44e+04]","married=YES","0","car=NO","save_act=YES","current_act=NO","mortgage=NO","pep=NO"
"65","ID12165","twenties","MALE","TOWN",NA,"married=NO","0","car=YES","save_act=YES","current_act=YES","mortgage=YES","pep=NO"
"66","ID12166","fourties","MALE","INNER_CITY","(5.01e+03,2.44e+04]","married=YES","0","car=NO","save_act=YES","current_act=YES","mortgage=NO","pep=NO"
"67","ID12167","teens","MALE","TOWN","(5.01e+03,2.44e+04]","married=NO","2","car=NO","save_act=YES","current_act=YES","mortgage=NO","pep=NO"
"68","ID12168","fourties","FEMALE","TOWN","(2.44e+04,4.38e+04]","married=NO","0","car=NO","save_act=YES","current_act=YES","mortgage=YES","pep=NO"
"69","ID12169","twenties","MALE","TOWN","(5.01e+03,2.44e+04]","married=NO","2","car=NO","save_act=YES","current_act=YES","mortgage=NO","pep=NO"
"70","ID12170","thirties","FEMALE","RURAL","(5.01e+03,2.44e+04]","married=YES","2","car=NO","save_act=NO","current_act=YES","mortgage=NO","pep=YES"
"71","ID12171","twenties","MALE","INNER_CITY","(5.01e+03,2.44e+04]","married=YES","3","car=YES","save_act=YES","current_act=YES","mortgage=NO","pep=NO"
"72","ID12172","twenties","MALE","INNER_CITY","(5.01e+03,2.44e+04]","married=NO","0","car=NO","save_act=NO","current_act=YES","mortgage=NO","pep=YES"
"73","ID12173","thirties","MALE","INNER_CITY","(2.44e+04,4.38e+04]","married=YES","3","car=YES","save_act=YES","current_act=YES","mortgage=YES","pep=YES"
"74","ID12174","fifties","FEMALE","INNER_CITY","(5.01e+03,2.44e+04]","married=YES","2","car=NO","save_act=YES","current_act=NO","mortgage=YES","pep=NO"
"75","ID12175","old","FEMALE","INNER_CITY","(4.38e+04,6.31e+04]","married=NO","2","car=YES","save_act=YES","current_act=YES","mortgage=NO","pep=YES"
"76","ID12176","fifties","FEMALE","RURAL","(2.44e+04,4.38e+04]","married=NO","2","car=YES","save_act=NO","current_act=NO","mortgage=NO","pep=YES"
"77","ID12177","fourties","FEMALE","TOWN","(2.44e+04,4.38e+04]","married=NO","0","car=NO","save_act=YES","current_act=YES","mortgage=YES","pep=NO"
"78","ID12178","old","MALE","INNER_CITY","(4.38e+04,6.31e+04]","married=YES","1","car=YES","save_act=YES","current_act=YES","mortgage=YES","pep=YES"
"79","ID12179","twenties","FEMALE","INNER_CITY","(5.01e+03,2.44e+04]","married=YES","0","car=YES","save_act=NO","current_act=YES","mortgage=NO","pep=NO"
"80","ID12180","fifties","FEMALE","TOWN","(2.44e+04,4.38e+04]","married=YES","2","car=YES","save_act=YES","current_act=NO","mortgage=NO","pep=YES"
"81","ID12181","fourties","FEMALE","TOWN","(5.01e+03,2.44e+04]","married=NO","3","car=NO","save_act=YES","current_act=YES","mortgage=NO","pep=YES"
"82","ID12182","twenties","MALE","INNER_CITY","(2.44e+04,4.38e+04]","married=NO","3","car=NO","save_act=NO","current_act=YES","mortgage=NO","pep=NO"
"83","ID12183","twenties","FEMALE","INNER_CITY","(5.01e+03,2.44e+04]","married=YES","1","car=NO","save_act=YES","current_act=YES","mortgage=NO","pep=NO"
"84","ID12184","thirties","MALE","INNER_CITY","(5.01e+03,2.44e+04]","married=YES","1","car=NO","save_act=YES","current_act=YES","mortgage=NO","pep=YES"
"85","ID12185","old","MALE","INNER_CITY","(5.01e+03,2.44e+04]","married=YES","0","car=NO","save_act=NO","current_act=YES","mortgage=YES","pep=YES"
"86","ID12186","thirties","MALE","INNER_CITY","(2.44e+04,4.38e+04]","married=YES","1","car=YES","save_act=YES","current_act=YES","mortgage=NO","pep=YES"
"87","ID12187","twenties","FEMALE","INNER_CITY","(5.01e+03,2.44e+04]","married=YES","0","car=NO","save_act=YES","current_act=YES","mortgage=NO","pep=NO"
"88","ID12188","old","FEMALE","TOWN","(5.01e+03,2.44e+04]","married=NO","0","car=YES","save_act=YES","current_act=YES","mortgage=YES","pep=NO"
"89","ID12189","twenties","MALE","SUBURBAN","(5.01e+03,2.44e+04]","married=YES","0","car=YES","save_act=YES","current_act=NO","mortgage=YES","pep=NO"
"90","ID12190","fifties","FEMALE","INNER_CITY","(2.44e+04,4.38e+04]","married=YES","2","car=NO","save_act=NO","current_act=YES","mortgage=NO","pep=YES"
"91","ID12191","thirties","MALE","TOWN","(2.44e+04,4.38e+04]","married=YES","1","car=YES","save_act=NO","current_act=YES","mortgage=YES","pep=YES"
"92","ID12192","twenties","FEMALE","INNER_CITY","(2.44e+04,4.38e+04]","married=NO","2","car=NO","save_act=YES","current_act=YES","mortgage=YES","pep=NO"
"93","ID12193","fifties","FEMALE","RURAL","(2.44e+04,4.38e+04]","married=NO","0","car=NO","save_act=NO","current_act=YES","mortgage=NO","pep=YES"
"94","ID12194","old","MALE","INNER_CITY","(2.44e+04,4.38e+04]","married=YES","2","car=YES","save_act=YES","current_act=YES","mortgage=NO","pep=NO"
"95","ID12195","old","FEMALE","INNER_CITY","(2.44e+04,4.38e+04]","married=YES","0","car=YES","save_act=YES","current_act=NO","mortgage=NO","pep=NO"
"96","ID12196","teens","FEMALE","INNER_CITY","(5.01e+03,2.44e+04]","married=YES","0","car=NO","save_act=YES","current_act=YES","mortgage=NO","pep=NO"
"97","ID12197","twenties","MALE","INNER_CITY","(5.01e+03,2.44e+04]","married=YES","1","car=NO","save_act=NO","current_act=NO","mortgage=YES","pep=NO"
"98","ID12198","thirties","MALE","TOWN","(2.44e+04,4.38e+04]","married=YES","2","car=YES","save_act=YES","current_act=YES","mortgage=YES","pep=YES"
"99","ID12199","thirties","FEMALE","INNER_CITY","(5.01e+03,2.44e+04]","married=NO","2","car=NO","save_act=YES","current_act=YES","mortgage=NO","pep=NO"
"100","ID12200","teens","FEMALE","RURAL","(5.01e+03,2.44e+04]","married=YES","0","car=YES","save_act=NO","current_act=YES","mortgage=NO","pep=NO"
"101","ID12201","fifties","MALE","INNER_CITY","(2.44e+04,4.38e+04]","married=YES","1","car=NO","save_act=YES","current_act=YES","mortgage=YES","pep=YES"
"102","ID12202","twenties","FEMALE","INNER_CITY","(5.01e+03,2.44e+04]","married=YES","2","car=YES","save_act=YES","current_act=YES","mortgage=NO","pep=NO"
"103","ID12203","fourties","MALE","INNER_CITY","(5.01e+03,2.44e+04]","married=YES","0","car=YES","save_act=NO","current_act=YES","mortgage=YES","pep=YES"
"104","ID12204","fourties","MALE","TOWN","(2.44e+04,4.38e+04]","married=NO","0","car=NO","save_act=YES","current_act=YES","mortgage=YES","pep=NO"
"105","ID12205","old","FEMALE","INNER_CITY","(2.44e+04,4.38e+04]","married=YES","1","car=NO","save_act=YES","current_act=YES","mortgage=NO","pep=YES"
"106","ID12206","fourties","MALE","TOWN","(2.44e+04,4.38e+04]","married=YES","3","car=YES","save_act=YES","current_act=YES","mortgage=NO","pep=NO"
"107","ID12207","fourties","MALE","RURAL","(4.38e+04,6.31e+04]","married=YES","0","car=YES","save_act=YES","current_act=NO","mortgage=NO","pep=NO"
"108","ID12208","twenties","MALE","INNER_CITY","(5.01e+03,2.44e+04]","married=YES","0","car=NO","save_act=NO","current_act=YES","mortgage=NO","pep=NO"
"109","ID12209","twenties","MALE","INNER_CITY","(5.01e+03,2.44e+04]","married=NO","0","car=NO","save_act=YES","current_act=YES","mortgage=NO","pep=YES"
"110","ID12210","twenties","FEMALE","INNER_CITY","(5.01e+03,2.44e+04]","married=YES","2","car=YES","save_act=YES","current_act=YES","mortgage=YES","pep=NO"
"111","ID12211","thirties","MALE","TOWN","(2.44e+04,4.38e+04]","married=NO","2","car=NO","save_act=YES","current_act=YES","mortgage=NO","pep=YES"
"112","ID12212","thirties","MALE","INNER_CITY","(2.44e+04,4.38e+04]","married=YES","3","car=YES","save_act=NO","current_act=NO","mortgage=YES","pep=NO"
"113","ID12213","fifties","FEMALE","INNER_CITY","(2.44e+04,4.38e+04]","married=YES","0","car=YES","save_act=NO","current_act=YES","mortgage=NO","pep=NO"
"114","ID12214","thirties","MALE","TOWN","(2.44e+04,4.38e+04]","married=NO","2","car=YES","save_act=YES","current_act=YES","mortgage=NO","pep=YES"
"115","ID12215","fifties","MALE","INNER_CITY","(2.44e+04,4.38e+04]","married=YES","1","car=YES","save_act=YES","current_act=YES","mortgage=NO","pep=YES"
"116","ID12216","fifties","FEMALE","INNER_CITY","(4.38e+04,6.31e+04]","married=YES","0","car=NO","save_act=YES","current_act=YES","mortgage=NO","pep=NO"
"117","ID12217","fifties","FEMALE","TOWN","(5.01e+03,2.44e+04]","married=YES","2","car=NO","save_act=YES","current_act=NO","mortgage=NO","pep=NO"
"118","ID12218","twenties","MALE","INNER_CITY","(5.01e+03,2.44e+04]","married=YES","3","car=NO","save_act=YES","current_act=YES","mortgage=YES","pep=NO"
"119","ID12219","thirties","MALE","TOWN","(5.01e+03,2.44e+04]","married=NO","0","car=YES","save_act=NO","current_act=NO","mortgage=NO","pep=YES"
"120","ID12220","old","FEMALE","RURAL","(4.38e+04,6.31e+04]","married=YES","3","car=YES","save_act=YES","current_act=YES","mortgage=NO","pep=YES"
"121","ID12221","fourties","MALE","RURAL","(2.44e+04,4.38e+04]","married=NO","2","car=NO","save_act=YES","current_act=NO","mortgage=YES","pep=NO"
"122","ID12222","old","FEMALE","RURAL","(4.38e+04,6.31e+04]","married=YES","1","car=YES","save_act=YES","current_act=YES","mortgage=NO","pep=YES"
"123","ID12223","thirties","FEMALE","TOWN","(5.01e+03,2.44e+04]","married=YES","1","car=NO","save_act=YES","current_act=NO","mortgage=YES","pep=YES"
"124","ID12224","thirties","FEMALE","RURAL","(2.44e+04,4.38e+04]","married=NO","1","car=NO","save_act=YES","current_act=YES","mortgage=NO","pep=YES"
"125","ID12225","fourties","MALE","RURAL","(4.38e+04,6.31e+04]","married=NO","3","car=YES","save_act=YES","current_act=NO","mortgage=NO","pep=YES"
"126","ID12226","fourties","MALE","INNER_CITY","(2.44e+04,4.38e+04]","married=YES","2","car=NO","save_act=NO","current_act=YES","mortgage=NO","pep=YES"
"127","ID12227","thirties","FEMALE","TOWN","(2.44e+04,4.38e+04]","married=YES","0","car=YES","save_act=YES","current_act=YES","mortgage=NO","pep=NO"
"128","ID12228","fourties","FEMALE","INNER_CITY","(2.44e+04,4.38e+04]","married=YES","0","car=NO","save_act=YES","current_act=YES","mortgage=NO","pep=NO"
"129","ID12229","fourties","MALE","TOWN","(5.01e+03,2.44e+04]","married=YES","3","car=YES","save_act=YES","current_act=YES","mortgage=NO","pep=NO"
"130","ID12230","twenties","FEMALE","RURAL","(5.01e+03,2.44e+04]","married=NO","0","car=YES","save_act=YES","current_act=YES","mortgage=NO","pep=YES"
"131","ID12231","fourties","MALE","INNER_CITY","(5.01e+03,2.44e+04]","married=NO","2","car=NO","save_act=NO","current_act=YES","mortgage=NO","pep=NO"
"132","ID12232","old","MALE","RURAL","(2.44e+04,4.38e+04]","married=YES","3","car=NO","save_act=YES","current_act=YES","mortgage=YES","pep=NO"
"133","ID12233","fifties","FEMALE","SUBURBAN","(5.01e+03,2.44e+04]","married=NO","2","car=YES","save_act=YES","current_act=YES","mortgage=NO","pep=NO"
"134","ID12234","old","FEMALE","SUBURBAN","(2.44e+04,4.38e+04]","married=YES","0","car=YES","save_act=NO","current_act=YES","mortgage=NO","pep=NO"
"135","ID12235","old","FEMALE","TOWN","(4.38e+04,6.31e+04]","married=YES","2","car=YES","save_act=YES","current_act=YES","mortgage=YES","pep=YES"
"136","ID12236","fifties","FEMALE","TOWN","(2.44e+04,4.38e+04]","married=YES","1","car=YES","save_act=YES","current_act=YES","mortgage=NO","pep=YES"
"137","ID12237","teens","FEMALE","INNER_CITY","(5.01e+03,2.44e+04]","married=YES","2","car=YES","save_act=NO","current_act=YES","mortgage=YES","pep=NO"
"138","ID12238","fifties","FEMALE","INNER_CITY","(2.44e+04,4.38e+04]","married=NO","0","car=NO","save_act=YES","current_act=YES","mortgage=NO","pep=YES"
"139","ID12239","old","FEMALE","RURAL","(2.44e+04,4.38e+04]","married=YES","0","car=NO","save_act=YES","current_act=YES","mortgage=NO","pep=NO"
"140","ID12240","old","FEMALE","INNER_CITY","(4.38e+04,6.31e+04]","married=NO","1","car=NO","save_act=YES","current_act=YES","mortgage=NO","pep=YES"
"141","ID12241","fifties","MALE","INNER_CITY","(2.44e+04,4.38e+04]","married=YES","3","car=NO","save_act=YES","current_act=YES","mortgage=NO","pep=NO"
"142","ID12242","fourties","FEMALE","INNER_CITY","(5.01e+03,2.44e+04]","married=YES","0","car=NO","save_act=NO","current_act=YES","mortgage=NO","pep=NO"
"143","ID12243","twenties","FEMALE","TOWN","(5.01e+03,2.44e+04]","married=YES","1","car=YES","save_act=NO","current_act=NO","mortgage=YES","pep=NO"
"144","ID12244","old","MALE","TOWN","(4.38e+04,6.31e+04]","married=YES","0","car=YES","save_act=YES","current_act=YES","mortgage=YES","pep=NO"
"145","ID12245","twenties","MALE","INNER_CITY","(5.01e+03,2.44e+04]","married=YES","1","car=NO","save_act=YES","current_act=YES","mortgage=NO","pep=YES"
"146","ID12246","fifties","MALE","SUBURBAN","(4.38e+04,6.31e+04]","married=YES","0","car=NO","save_act=YES","current_act=NO","mortgage=YES","pep=YES"
"147","ID12247","thirties","MALE","TOWN","(5.01e+03,2.44e+04]","married=YES","2","car=YES","save_act=NO","current_act=YES","mortgage=NO","pep=NO"
"148","ID12248","teens","FEMALE","INNER_CITY","(5.01e+03,2.44e+04]","married=NO","2","car=NO","save_act=YES","current_act=YES","mortgage=NO","pep=NO"
"149","ID12249","old","MALE","RURAL","(2.44e+04,4.38e+04]","married=YES","0","car=YES","save_act=YES","current_act=NO","mortgage=NO","pep=NO"
"150","ID12250","twenties","FEMALE","SUBURBAN","(2.44e+04,4.38e+04]","married=YES","3","car=YES","save_act=YES","current_act=YES","mortgage=NO","pep=NO"
"151","ID12251","fifties","MALE","RURAL","(2.44e+04,4.38e+04]","married=YES","1","car=YES","save_act=YES","current_act=YES","mortgage=NO","pep=YES"
"152","ID12252","fourties","MALE","TOWN","(2.44e+04,4.38e+04]","married=NO","2","car=YES","save_act=NO","current_act=YES","mortgage=NO","pep=YES"
"153","ID12253","old","MALE","TOWN","(4.38e+04,6.31e+04]","married=YES","2","car=NO","save_act=YES","current_act=NO","mortgage=YES","pep=YES"
"154","ID12254","thirties","MALE","INNER_CITY","(2.44e+04,4.38e+04]","married=YES","1","car=NO","save_act=YES","current_act=YES","mortgage=YES","pep=YES"
"155","ID12255","fourties","MALE","RURAL","(5.01e+03,2.44e+04]","married=NO","2","car=YES","save_act=NO","current_act=NO","mortgage=NO","pep=NO"
"156","ID12256","teens","FEMALE","SUBURBAN","(5.01e+03,2.44e+04]","married=YES","2","car=NO","save_act=YES","current_act=YES","mortgage=NO","pep=YES"
"157","ID12257","fourties","MALE","TOWN","(2.44e+04,4.38e+04]","married=YES","0","car=YES","save_act=YES","current_act=YES","mortgage=NO","pep=NO"
"158","ID12258","twenties","MALE","RURAL","(5.01e+03,2.44e+04]","married=YES","2","car=YES","save_act=YES","current_act=YES","mortgage=NO","pep=NO"
"159","ID12259","fifties","FEMALE","TOWN","(5.01e+03,2.44e+04]","married=YES","0","car=NO","save_act=NO","current_act=YES","mortgage=NO","pep=YES"
"160","ID12260","fourties","FEMALE","TOWN","(5.01e+03,2.44e+04]","married=YES","1","car=NO","save_act=YES","current_act=YES","mortgage=NO","pep=YES"
"161","ID12261","twenties","MALE","INNER_CITY","(5.01e+03,2.44e+04]","married=YES","2","car=YES","save_act=YES","current_act=YES","mortgage=NO","pep=NO"
"162","ID12262","thirties","FEMALE","INNER_CITY","(5.01e+03,2.44e+04]","married=YES","0","car=NO","save_act=NO","current_act=NO","mortgage=NO","pep=NO"
"163","ID12263","fourties","FEMALE","TOWN","(5.01e+03,2.44e+04]","married=NO","3","car=NO","save_act=NO","current_act=YES","mortgage=NO","pep=NO"
"164","ID12264","twenties","FEMALE","TOWN","(5.01e+03,2.44e+04]","married=NO","1","car=YES","save_act=NO","current_act=YES","mortgage=NO","pep=NO"
"165","ID12265","thirties","FEMALE","INNER_CITY","(2.44e+04,4.38e+04]","married=YES","0","car=NO","save_act=NO","current_act=NO","mortgage=NO","pep=NO"
"166","ID12266","twenties","MALE","RURAL","(5.01e+03,2.44e+04]","married=YES","1","car=NO","save_act=NO","current_act=YES","mortgage=YES","pep=YES"
"167","ID12267","teens","MALE","TOWN","(5.01e+03,2.44e+04]","married=NO","1","car=NO","save_act=YES","current_act=YES","mortgage=YES","pep=NO"
"168","ID12268","twenties","MALE","INNER_CITY","(5.01e+03,2.44e+04]","married=NO","1","car=NO","save_act=NO","current_act=NO","mortgage=YES","pep=NO"
"169","ID12269","thirties","FEMALE","TOWN","(2.44e+04,4.38e+04]","married=NO","0","car=YES","save_act=YES","current_act=YES","mortgage=NO","pep=NO"
"170","ID12270","fifties","MALE","INNER_CITY","(2.44e+04,4.38e+04]","married=YES","0","car=NO","save_act=NO","current_act=YES","mortgage=NO","pep=NO"
"171","ID12271","fifties","MALE","INNER_CITY","(4.38e+04,6.31e+04]","married=YES","0","car=YES","save_act=YES","current_act=YES","mortgage=NO","pep=NO"
"172","ID12272","twenties","MALE","INNER_CITY","(5.01e+03,2.44e+04]","married=YES","2","car=NO","save_act=NO","current_act=YES","mortgage=NO","pep=NO"
"173","ID12273","thirties","MALE","INNER_CITY","(5.01e+03,2.44e+04]","married=YES","3","car=YES","save_act=YES","current_act=YES","mortgage=NO","pep=NO"
"174","ID12274","thirties","MALE","RURAL","(2.44e+04,4.38e+04]","married=YES","1","car=YES","save_act=YES","current_act=YES","mortgage=NO","pep=YES"
"175","ID12275","old","FEMALE","TOWN","(2.44e+04,4.38e+04]","married=YES","2","car=NO","save_act=YES","current_act=YES","mortgage=NO","pep=YES"
"176","ID12276","fifties","FEMALE","INNER_CITY","(4.38e+04,6.31e+04]","married=NO","0","car=NO","save_act=YES","current_act=YES","mortgage=NO","pep=YES"
"177","ID12277","thirties","MALE","TOWN","(2.44e+04,4.38e+04]","married=YES","0","car=YES","save_act=YES","current_act=YES","mortgage=NO","pep=NO"
"178","ID12278","fourties","FEMALE","INNER_CITY","(2.44e+04,4.38e+04]","married=YES","0","car=YES","save_act=YES","current_act=YES","mortgage=YES","pep=YES"
"179","ID12279","fourties","MALE","INNER_CITY","(5.01e+03,2.44e+04]","married=YES","0","car=NO","save_act=NO","current_act=NO","mortgage=NO","pep=YES"
"180","ID12280","old","MALE","INNER_CITY","(2.44e+04,4.38e+04]","married=YES","2","car=NO","save_act=NO","current_act=YES","mortgage=NO","pep=YES"
"181","ID12281","twenties","FEMALE","INNER_CITY","(5.01e+03,2.44e+04]","married=YES","1","car=NO","save_act=YES","current_act=YES","mortgage=YES","pep=YES"
"182","ID12282","fifties","MALE","RURAL","(4.38e+04,6.31e+04]","married=NO","0","car=NO","save_act=YES","current_act=YES","mortgage=NO","pep=YES"
"183","ID12283","old","FEMALE","INNER_CITY","(2.44e+04,4.38e+04]","married=NO","0","car=YES","save_act=YES","current_act=YES","mortgage=YES","pep=NO"
"184","ID12284","fourties","FEMALE","INNER_CITY","(5.01e+03,2.44e+04]","married=YES","2","car=YES","save_act=YES","current_act=YES","mortgage=YES","pep=NO"
"185","ID12285","thirties","FEMALE","INNER_CITY","(2.44e+04,4.38e+04]","married=NO","0","car=YES","save_act=YES","current_act=NO","mortgage=YES","pep=NO"
"186","ID12286","fourties","MALE","RURAL","(2.44e+04,4.38e+04]","married=YES","1","car=YES","save_act=YES","current_act=YES","mortgage=YES","pep=YES"
"187","ID12287","teens","FEMALE","INNER_CITY","(5.01e+03,2.44e+04]","married=YES","0","car=NO","save_act=NO","current_act=NO","mortgage=YES","pep=YES"
"188","ID12288","fourties","FEMALE","TOWN","(2.44e+04,4.38e+04]","married=YES","1","car=NO","save_act=NO","current_act=YES","mortgage=NO","pep=YES"
"189","ID12289","thirties","MALE","INNER_CITY","(2.44e+04,4.38e+04]","married=YES","2","car=YES","save_act=NO","current_act=YES","mortgage=YES","pep=NO"
"190","ID12290","fourties","FEMALE","INNER_CITY","(5.01e+03,2.44e+04]","married=YES","0","car=NO","save_act=NO","current_act=YES","mortgage=NO","pep=NO"
"191","ID12291","old","FEMALE","SUBURBAN","(4.38e+04,6.31e+04]","married=YES","2","car=YES","save_act=YES","current_act=YES","mortgage=NO","pep=YES"
"192","ID12292","thirties","MALE","INNER_CITY","(5.01e+03,2.44e+04]","married=YES","1","car=YES","save_act=YES","current_act=NO","mortgage=NO","pep=NO"
"193","ID12293","old","FEMALE","RURAL","(4.38e+04,6.31e+04]","married=YES","3","car=NO","save_act=YES","current_act=YES","mortgage=NO","pep=YES"
"194","ID12294","fourties","MALE","INNER_CITY","(5.01e+03,2.44e+04]","married=YES","0","car=YES","save_act=NO","current_act=YES","mortgage=YES","pep=YES"
"195","ID12295","fifties","MALE","SUBURBAN","(2.44e+04,4.38e+04]","married=YES","2","car=YES","save_act=NO","current_act=YES","mortgage=NO","pep=YES"
"196","ID12296","fifties","MALE","INNER_CITY","(5.01e+03,2.44e+04]","married=YES","1","car=NO","save_act=YES","current_act=NO","mortgage=YES","pep=YES"
"197","ID12297","twenties","FEMALE","INNER_CITY","(5.01e+03,2.44e+04]","married=NO","0","car=NO","save_act=NO","current_act=YES","mortgage=YES","pep=YES"
"198","ID12298","fifties","MALE","INNER_CITY","(4.38e+04,6.31e+04]","married=YES","2","car=YES","save_act=YES","current_act=YES","mortgage=NO","pep=YES"
"199","ID12299","twenties","MALE","INNER_CITY","(5.01e+03,2.44e+04]","married=NO","2","car=NO","save_act=NO","current_act=YES","mortgage=YES","pep=NO"
"200","ID12300","twenties","FEMALE","INNER_CITY","(5.01e+03,2.44e+04]","married=YES","0","car=NO","save_act=YES","current_act=YES","mortgage=NO","pep=YES"
"201","ID12301","fourties","MALE","TOWN","(2.44e+04,4.38e+04]","married=YES","1","car=YES","save_act=YES","current_act=YES","mortgage=NO","pep=YES"
"202","ID12302","fourties","FEMALE","TOWN","(2.44e+04,4.38e+04]","married=YES","0","car=NO","save_act=YES","current_act=YES","mortgage=YES","pep=NO"
"203","ID12303","fifties","MALE","INNER_CITY","(5.01e+03,2.44e+04]","married=YES","0","car=NO","save_act=NO","current_act=YES","mortgage=NO","pep=NO"
"204","ID12304","thirties","MALE","INNER_CITY","(5.01e+03,2.44e+04]","married=NO","3","car=YES","save_act=NO","current_act=YES","mortgage=NO","pep=NO"
"205","ID12305","twenties","MALE","INNER_CITY","(5.01e+03,2.44e+04]","married=YES","1","car=NO","save_act=YES","current_act=YES","mortgage=YES","pep=YES"
"206","ID12306","teens","MALE","INNER_CITY","(5.01e+03,2.44e+04]","married=NO","0","car=YES","save_act=NO","current_act=YES","mortgage=YES","pep=YES"
"207","ID12307","old","MALE","INNER_CITY","(4.38e+04,6.31e+04]","married=NO","0","car=YES","save_act=YES","current_act=YES","mortgage=NO","pep=YES"
"208","ID12308","twenties","FEMALE","INNER_CITY","(5.01e+03,2.44e+04]","married=YES","0","car=NO","save_act=YES","current_act=YES","mortgage=YES","pep=NO"
"209","ID12309","old","MALE","INNER_CITY","(2.44e+04,4.38e+04]","married=YES","0","car=YES","save_act=YES","current_act=YES","mortgage=NO","pep=NO"
"210","ID12310","twenties","MALE","INNER_CITY","(5.01e+03,2.44e+04]","married=NO","0","car=NO","save_act=YES","current_act=NO","mortgage=NO","pep=YES"
"211","ID12311","old","MALE","INNER_CITY","(2.44e+04,4.38e+04]","married=NO","0","car=YES","save_act=NO","current_act=NO","mortgage=NO","pep=YES"
"212","ID12312","fifties","MALE","TOWN","(2.44e+04,4.38e+04]","married=YES","1","car=YES","save_act=YES","current_act=YES","mortgage=NO","pep=YES"
"213","ID12313","twenties","MALE","INNER_CITY","(5.01e+03,2.44e+04]","married=YES","0","car=YES","save_act=YES","current_act=YES","mortgage=NO","pep=YES"
"214","ID12314","twenties","MALE","TOWN","(5.01e+03,2.44e+04]","married=NO","1","car=NO","save_act=NO","current_act=YES","mortgage=NO","pep=YES"
"215","ID12315","twenties","MALE","INNER_CITY","(5.01e+03,2.44e+04]","married=YES","0","car=NO","save_act=YES","current_act=YES","mortgage=NO","pep=NO"
"216","ID12316","twenties","MALE","SUBURBAN","(5.01e+03,2.44e+04]","married=YES","0","car=NO","save_act=YES","current_act=YES","mortgage=NO","pep=NO"
"217","ID12317","twenties","FEMALE","SUBURBAN","(5.01e+03,2.44e+04]","married=YES","0","car=YES","save_act=NO","current_act=YES","mortgage=NO","pep=NO"
"218","ID12318","thirties","FEMALE","INNER_CITY","(2.44e+04,4.38e+04]","married=YES","3","car=YES","save_act=YES","current_act=YES","mortgage=YES","pep=NO"
"219","ID12319","thirties","MALE","TOWN","(2.44e+04,4.38e+04]","married=NO","0","car=YES","save_act=YES","current_act=NO","mortgage=NO","pep=YES"
"220","ID12320","thirties","FEMALE","INNER_CITY","(2.44e+04,4.38e+04]","married=YES","0","car=YES","save_act=YES","current_act=YES","mortgage=NO","pep=NO"
"221","ID12321","thirties","FEMALE","INNER_CITY","(2.44e+04,4.38e+04]","married=NO","2","car=YES","save_act=NO","current_act=NO","mortgage=NO","pep=NO"
"222","ID12322","fourties","MALE","INNER_CITY","(2.44e+04,4.38e+04]","married=YES","2","car=NO","save_act=YES","current_act=YES","mortgage=NO","pep=YES"
"223","ID12323","fourties","FEMALE","INNER_CITY","(2.44e+04,4.38e+04]","married=YES","1","car=NO","save_act=YES","current_act=YES","mortgage=NO","pep=YES"
"224","ID12324","old","FEMALE","INNER_CITY","(2.44e+04,4.38e+04]","married=YES","0","car=NO","save_act=YES","current_act=YES","mortgage=YES","pep=NO"
"225","ID12325","fifties","MALE","RURAL","(4.38e+04,6.31e+04]","married=YES","3","car=NO","save_act=YES","current_act=YES","mortgage=NO","pep=YES"
"226","ID12326","fourties","FEMALE","RURAL","(2.44e+04,4.38e+04]","married=NO","0","car=YES","save_act=YES","current_act=YES","mortgage=NO","pep=YES"
"227","ID12327","old","MALE","INNER_CITY","(4.38e+04,6.31e+04]","married=YES","2","car=YES","save_act=YES","current_act=YES","mortgage=NO","pep=YES"
"228","ID12328","fifties","MALE","TOWN","(2.44e+04,4.38e+04]","married=NO","0","car=NO","save_act=YES","current_act=YES","mortgage=NO","pep=YES"
"229","ID12329","thirties","MALE","RURAL","(2.44e+04,4.38e+04]","married=NO","0","car=YES","save_act=NO","current_act=YES","mortgage=YES","pep=YES"
"230","ID12330","twenties","MALE","INNER_CITY","(5.01e+03,2.44e+04]","married=NO","0","car=YES","save_act=NO","current_act=NO","mortgage=NO","pep=YES"
"231","ID12331","fifties","FEMALE","INNER_CITY","(2.44e+04,4.38e+04]","married=YES","0","car=YES","save_act=NO","current_act=YES","mortgage=YES","pep=YES"
"232","ID12332","thirties","MALE","INNER_CITY","(2.44e+04,4.38e+04]","married=NO","1","car=NO","save_act=NO","current_act=YES","mortgage=YES","pep=NO"
"233","ID12333","thirties","MALE","SUBURBAN","(5.01e+03,2.44e+04]","married=YES","0","car=NO","save_act=NO","current_act=YES","mortgage=YES","pep=YES"
"234","ID12334","thirties","FEMALE","TOWN","(2.44e+04,4.38e+04]","married=YES","0","car=YES","save_act=YES","current_act=YES","mortgage=NO","pep=NO"
"235","ID12335","fifties","FEMALE","RURAL","(2.44e+04,4.38e+04]","married=NO","3","car=NO","save_act=YES","current_act=NO","mortgage=NO","pep=NO"
"236","ID12336","fourties","FEMALE","INNER_CITY","(5.01e+03,2.44e+04]","married=NO","1","car=NO","save_act=YES","current_act=YES","mortgage=YES","pep=YES"
"237","ID12337","old","MALE","TOWN","(4.38e+04,6.31e+04]","married=NO","2","car=YES","save_act=YES","current_act=YES","mortgage=NO","pep=YES"
"238","ID12338","twenties","FEMALE","INNER_CITY","(5.01e+03,2.44e+04]","married=YES","2","car=NO","save_act=YES","current_act=YES","mortgage=YES","pep=NO"
"239","ID12339","twenties","FEMALE","RURAL","(5.01e+03,2.44e+04]","married=YES","2","car=NO","save_act=YES","current_act=NO","mortgage=NO","pep=NO"
"240","ID12340","twenties","MALE","INNER_CITY","(5.01e+03,2.44e+04]","married=YES","0","car=YES","save_act=YES","current_act=YES","mortgage=NO","pep=NO"
"241","ID12341","twenties","FEMALE","RURAL","(5.01e+03,2.44e+04]","married=YES","2","car=YES","save_act=NO","current_act=NO","mortgage=NO","pep=NO"
"242","ID12342","fifties","FEMALE","INNER_CITY","(4.38e+04,6.31e+04]","married=NO","0","car=YES","save_act=YES","current_act=YES","mortgage=NO","pep=YES"
"243","ID12343","old","MALE","INNER_CITY","(2.44e+04,4.38e+04]","married=YES","1","car=YES","save_act=YES","current_act=YES","mortgage=NO","pep=YES"
"244","ID12344","thirties","FEMALE","INNER_CITY","(5.01e+03,2.44e+04]","married=YES","0","car=YES","save_act=YES","current_act=YES","mortgage=NO","pep=NO"
"245","ID12345","fourties","MALE","RURAL","(2.44e+04,4.38e+04]","married=YES","2","car=YES","save_act=YES","current_act=NO","mortgage=NO","pep=NO"
"246","ID12346","fourties","MALE","SUBURBAN","(2.44e+04,4.38e+04]","married=NO","0","car=YES","save_act=YES","current_act=YES","mortgage=YES","pep=NO"
"247","ID12347","twenties","FEMALE","INNER_CITY","(5.01e+03,2.44e+04]","married=NO","3","car=YES","save_act=NO","current_act=NO","mortgage=NO","pep=NO"
"248","ID12348","twenties","MALE","RURAL","(5.01e+03,2.44e+04]","married=YES","0","car=NO","save_act=NO","current_act=YES","mortgage=NO","pep=NO"
"249","ID12349","thirties","MALE","TOWN","(5.01e+03,2.44e+04]","married=YES","3","car=NO","save_act=YES","current_act=YES","mortgage=NO","pep=NO"
"250","ID12350","thirties","MALE","TOWN","(5.01e+03,2.44e+04]","married=YES","3","car=YES","save_act=NO","current_act=YES","mortgage=NO","pep=NO"
"251","ID12351","old","MALE","INNER_CITY","(4.38e+04,6.31e+04]","married=NO","0","car=NO","save_act=YES","current_act=YES","mortgage=YES","pep=NO"
"252","ID12352","fourties","FEMALE","TOWN","(2.44e+04,4.38e+04]","married=YES","1","car=YES","save_act=YES","current_act=YES","mortgage=YES","pep=YES"
"253","ID12353","twenties","MALE","INNER_CITY","(5.01e+03,2.44e+04]","married=YES","2","car=NO","save_act=NO","current_act=YES","mortgage=YES","pep=NO"
"254","ID12354","fourties","FEMALE","TOWN","(5.01e+03,2.44e+04]","married=YES","1","car=NO","save_act=NO","current_act=NO","mortgage=NO","pep=YES"
"255","ID12355","twenties","FEMALE","RURAL","(5.01e+03,2.44e+04]","married=NO","3","car=NO","save_act=YES","current_act=YES","mortgage=YES","pep=NO"
"256","ID12356","old","FEMALE","INNER_CITY","(5.01e+03,2.44e+04]","married=NO","0","car=YES","save_act=NO","current_act=YES","mortgage=NO","pep=YES"
"257","ID12357","fourties","FEMALE","SUBURBAN","(2.44e+04,4.38e+04]","married=NO","2","car=NO","save_act=YES","current_act=YES","mortgage=NO","pep=NO"
"258","ID12358","twenties","FEMALE","TOWN","(5.01e+03,2.44e+04]","married=YES","2","car=NO","save_act=NO","current_act=YES","mortgage=YES","pep=NO"
"259","ID12359","thirties","FEMALE","TOWN","(5.01e+03,2.44e+04]","married=NO","3","car=NO","save_act=NO","current_act=YES","mortgage=YES","pep=NO"
"260","ID12360","thirties","MALE","TOWN","(5.01e+03,2.44e+04]","married=NO","0","car=NO","save_act=NO","current_act=NO","mortgage=NO","pep=NO"
"261","ID12361","twenties","MALE","SUBURBAN","(5.01e+03,2.44e+04]","married=YES","0","car=NO","save_act=YES","current_act=YES","mortgage=NO","pep=NO"
"262","ID12362","thirties","FEMALE","TOWN","(2.44e+04,4.38e+04]","married=YES","1","car=NO","save_act=YES","current_act=YES","mortgage=YES","pep=YES"
"263","ID12363","thirties","FEMALE","TOWN","(5.01e+03,2.44e+04]","married=YES","0","car=NO","save_act=NO","current_act=YES","mortgage=NO","pep=NO"
"264","ID12364","fifties","FEMALE","INNER_CITY","(4.38e+04,6.31e+04]","married=YES","0","car=YES","save_act=YES","current_act=YES","mortgage=YES","pep=NO"
"265","ID12365","twenties","MALE","INNER_CITY","(5.01e+03,2.44e+04]","married=NO","0","car=YES","save_act=YES","current_act=NO","mortgage=NO","pep=YES"
"266","ID12366","twenties","MALE","INNER_CITY","(5.01e+03,2.44e+04]","married=YES","1","car=YES","save_act=NO","current_act=NO","mortgage=NO","pep=YES"
"267","ID12367","fifties","MALE","TOWN","(2.44e+04,4.38e+04]","married=NO","0","car=YES","save_act=YES","current_act=YES","mortgage=NO","pep=YES"
"268","ID12368","fourties","FEMALE","SUBURBAN","(2.44e+04,4.38e+04]","married=NO","0","car=NO","save_act=YES","current_act=YES","mortgage=NO","pep=YES"
"269","ID12369","old","FEMALE","TOWN","(2.44e+04,4.38e+04]","married=YES","0","car=YES","save_act=NO","current_act=YES","mortgage=NO","pep=NO"
"270","ID12370","teens","MALE","TOWN","(5.01e+03,2.44e+04]","married=NO","3","car=YES","save_act=NO","current_act=YES","mortgage=YES","pep=NO"
"271","ID12371","old","FEMALE","SUBURBAN","(4.38e+04,6.31e+04]","married=NO","2","car=NO","save_act=YES","current_act=YES","mortgage=YES","pep=YES"
"272","ID12372","old","FEMALE","INNER_CITY","(4.38e+04,6.31e+04]","married=NO","0","car=YES","save_act=YES","current_act=YES","mortgage=NO","pep=YES"
"273","ID12373","thirties","MALE","TOWN","(5.01e+03,2.44e+04]","married=YES","0","car=NO","save_act=YES","current_act=YES","mortgage=NO","pep=NO"
"274","ID12374","thirties","MALE","INNER_CITY","(2.44e+04,4.38e+04]","married=YES","1","car=YES","save_act=NO","current_act=YES","mortgage=NO","pep=YES"
"275","ID12375","fourties","FEMALE","INNER_CITY","(2.44e+04,4.38e+04]","married=YES","0","car=YES","save_act=YES","current_act=YES","mortgage=NO","pep=NO"
"276","ID12376","teens","MALE","RURAL","(5.01e+03,2.44e+04]","married=YES","0","car=YES","save_act=NO","current_act=YES","mortgage=YES","pep=YES"
"277","ID12377","fourties","FEMALE","SUBURBAN","(2.44e+04,4.38e+04]","married=NO","1","car=NO","save_act=YES","current_act=YES","mortgage=YES","pep=YES"
"278","ID12378","twenties","MALE","TOWN","(5.01e+03,2.44e+04]","married=YES","1","car=YES","save_act=YES","current_act=YES","mortgage=NO","pep=YES"
"279","ID12379","old","FEMALE","RURAL","(2.44e+04,4.38e+04]","married=NO","0","car=NO","save_act=YES","current_act=NO","mortgage=YES","pep=NO"
"280","ID12380","thirties","MALE","TOWN","(2.44e+04,4.38e+04]","married=YES","1","car=NO","save_act=NO","current_act=YES","mortgage=YES","pep=YES"
"281","ID12381","thirties","MALE","INNER_CITY","(5.01e+03,2.44e+04]","married=YES","1","car=NO","save_act=NO","current_act=NO","mortgage=NO","pep=YES"
"282","ID12382","teens","FEMALE","INNER_CITY","(5.01e+03,2.44e+04]","married=YES","0","car=NO","save_act=YES","current_act=YES","mortgage=NO","pep=NO"
"283","ID12383","old","MALE","INNER_CITY","(4.38e+04,6.31e+04]","married=YES","1","car=YES","save_act=YES","current_act=NO","mortgage=NO","pep=YES"
"284","ID12384","fourties","FEMALE","INNER_CITY","(2.44e+04,4.38e+04]","married=YES","3","car=NO","save_act=YES","current_act=YES","mortgage=YES","pep=NO"
"285","ID12385","twenties","FEMALE","INNER_CITY","(5.01e+03,2.44e+04]","married=YES","3","car=NO","save_act=YES","current_act=YES","mortgage=NO","pep=NO"
"286","ID12386","twenties","MALE","TOWN","(5.01e+03,2.44e+04]","married=YES","0","car=NO","save_act=NO","current_act=NO","mortgage=NO","pep=NO"
"287","ID12387","thirties","MALE","INNER_CITY","(2.44e+04,4.38e+04]","married=YES","1","car=YES","save_act=YES","current_act=YES","mortgage=YES","pep=YES"
"288","ID12388","fifties","FEMALE","INNER_CITY","(2.44e+04,4.38e+04]","married=YES","3","car=NO","save_act=NO","current_act=YES","mortgage=NO","pep=NO"
"289","ID12389","thirties","MALE","INNER_CITY","(5.01e+03,2.44e+04]","married=YES","1","car=NO","save_act=YES","current_act=NO","mortgage=NO","pep=NO"
"290","ID12390","fifties","FEMALE","RURAL","(2.44e+04,4.38e+04]","married=YES","1","car=YES","save_act=YES","current_act=YES","mortgage=NO","pep=YES"
"291","ID12391","twenties","MALE","INNER_CITY","(5.01e+03,2.44e+04]","married=NO","0","car=NO","save_act=YES","current_act=YES","mortgage=NO","pep=YES"
"292","ID12392","fourties","FEMALE","INNER_CITY","(2.44e+04,4.38e+04]","married=NO","0","car=YES","save_act=YES","current_act=NO","mortgage=NO","pep=YES"
"293","ID12393","fifties","MALE","RURAL","(4.38e+04,6.31e+04]","married=YES","2","car=YES","save_act=YES","current_act=YES","mortgage=YES","pep=YES"
"294","ID12394","twenties","FEMALE","TOWN","(5.01e+03,2.44e+04]","married=YES","0","car=NO","save_act=YES","current_act=YES","mortgage=NO","pep=NO"
"295","ID12395","fourties","MALE","TOWN","(5.01e+03,2.44e+04]","married=YES","0","car=NO","save_act=YES","current_act=NO","mortgage=YES","pep=NO"
"296","ID12396","thirties","MALE","TOWN","(2.44e+04,4.38e+04]","married=YES","0","car=YES","save_act=YES","current_act=YES","mortgage=YES","pep=NO"
"297","ID12397","fifties","FEMALE","RURAL","(2.44e+04,4.38e+04]","married=NO","2","car=YES","save_act=YES","current_act=YES","mortgage=YES","pep=NO"
"298","ID12398","teens","MALE","RURAL","(5.01e+03,2.44e+04]","married=YES","2","car=NO","save_act=NO","current_act=NO","mortgage=NO","pep=NO"
"299","ID12399","fourties","FEMALE","INNER_CITY","(5.01e+03,2.44e+04]","married=NO","2","car=YES","save_act=NO","current_act=YES","mortgage=NO","pep=NO"
"300","ID12400","twenties","FEMALE","INNER_CITY","(5.01e+03,2.44e+04]","married=YES","0","car=NO","save_act=YES","current_act=YES","mortgage=NO","pep=NO"
"301","ID12401","teens","FEMALE","INNER_CITY","(5.01e+03,2.44e+04]","married=YES","1","car=YES","save_act=YES","current_act=YES","mortgage=YES","pep=NO"
"302","ID12402","thirties","FEMALE","TOWN","(5.01e+03,2.44e+04]","married=YES","0","car=NO","save_act=YES","current_act=NO","mortgage=NO","pep=NO"
"303","ID12403","fourties","FEMALE","TOWN","(2.44e+04,4.38e+04]","married=YES","0","car=NO","save_act=YES","current_act=NO","mortgage=NO","pep=NO"
"304","ID12404","fourties","MALE","RURAL","(2.44e+04,4.38e+04]","married=YES","3","car=NO","save_act=YES","current_act=YES","mortgage=YES","pep=NO"
"305","ID12405","old","FEMALE","RURAL","(4.38e+04,6.31e+04]","married=NO","3","car=NO","save_act=YES","current_act=YES","mortgage=NO","pep=YES"
"306","ID12406","thirties","FEMALE","RURAL","(5.01e+03,2.44e+04]","married=YES","0","car=NO","save_act=NO","current_act=YES","mortgage=NO","pep=NO"
"307","ID12407","old","MALE","INNER_CITY","(4.38e+04,6.31e+04]","married=NO","2","car=YES","save_act=YES","current_act=YES","mortgage=NO","pep=YES"
"308","ID12408","thirties","MALE","RURAL","(2.44e+04,4.38e+04]","married=NO","0","car=YES","save_act=YES","current_act=YES","mortgage=NO","pep=YES"
"309","ID12409","fourties","MALE","TOWN","(2.44e+04,4.38e+04]","married=NO","2","car=YES","save_act=YES","current_act=YES","mortgage=NO","pep=NO"
"310","ID12410","twenties","FEMALE","INNER_CITY","(5.01e+03,2.44e+04]","married=NO","1","car=NO","save_act=YES","current_act=YES","mortgage=NO","pep=NO"
"311","ID12411","fourties","MALE","TOWN","(2.44e+04,4.38e+04]","married=YES","0","car=NO","save_act=YES","current_act=YES","mortgage=NO","pep=NO"
"312","ID12412","old","MALE","INNER_CITY","(2.44e+04,4.38e+04]","married=NO","1","car=NO","save_act=YES","current_act=YES","mortgage=NO","pep=YES"
"313","ID12413","old","FEMALE","TOWN","(2.44e+04,4.38e+04]","married=NO","2","car=YES","save_act=NO","current_act=YES","mortgage=NO","pep=YES"
"314","ID12414","teens","FEMALE","RURAL","(5.01e+03,2.44e+04]","married=NO","2","car=YES","save_act=YES","current_act=YES","mortgage=NO","pep=NO"
"315","ID12415","fifties","FEMALE","TOWN","(5.01e+03,2.44e+04]","married=YES","0","car=YES","save_act=YES","current_act=NO","mortgage=NO","pep=NO"
"316","ID12416","fourties","MALE","RURAL","(2.44e+04,4.38e+04]","married=NO","0","car=YES","save_act=YES","current_act=YES","mortgage=YES","pep=NO"
"317","ID12417","fifties","MALE","INNER_CITY","(5.01e+03,2.44e+04]","married=NO","2","car=YES","save_act=YES","current_act=YES","mortgage=NO","pep=NO"
"318","ID12418","fourties","FEMALE","TOWN","(2.44e+04,4.38e+04]","married=NO","1","car=NO","save_act=YES","current_act=YES","mortgage=YES","pep=YES"
"319","ID12419","thirties","FEMALE","INNER_CITY","(5.01e+03,2.44e+04]","married=NO","2","car=NO","save_act=YES","current_act=NO","mortgage=NO","pep=NO"
"320","ID12420","thirties","MALE","SUBURBAN","(5.01e+03,2.44e+04]","married=NO","0","car=YES","save_act=YES","current_act=YES","mortgage=YES","pep=NO"
"321","ID12421","fifties","MALE","INNER_CITY","(2.44e+04,4.38e+04]","married=NO","2","car=YES","save_act=YES","current_act=YES","mortgage=NO","pep=YES"
"322","ID12422","thirties","MALE","RURAL","(5.01e+03,2.44e+04]","married=YES","0","car=YES","save_act=NO","current_act=NO","mortgage=YES","pep=YES"
"323","ID12423","twenties","FEMALE","TOWN","(5.01e+03,2.44e+04]","married=YES","1","car=YES","save_act=YES","current_act=NO","mortgage=YES","pep=NO"
"324","ID12424","thirties","MALE","TOWN","(5.01e+03,2.44e+04]","married=NO","0","car=NO","save_act=YES","current_act=YES","mortgage=NO","pep=YES"
"325","ID12425","thirties","MALE","SUBURBAN","(2.44e+04,4.38e+04]","married=YES","0","car=NO","save_act=YES","current_act=YES","mortgage=NO","pep=NO"
"326","ID12426","twenties","FEMALE","TOWN","(5.01e+03,2.44e+04]","married=NO","0","car=NO","save_act=NO","current_act=YES","mortgage=NO","pep=YES"
"327","ID12427","thirties","MALE","INNER_CITY","(2.44e+04,4.38e+04]","married=YES","1","car=NO","save_act=YES","current_act=NO","mortgage=YES","pep=YES"
"328","ID12428","twenties","MALE","INNER_CITY","(5.01e+03,2.44e+04]","married=YES","0","car=NO","save_act=NO","current_act=YES","mortgage=YES","pep=YES"
"329","ID12429","fifties","FEMALE","RURAL","(4.38e+04,6.31e+04]","married=NO","1","car=NO","save_act=YES","current_act=NO","mortgage=YES","pep=YES"
"330","ID12430","twenties","FEMALE","TOWN","(5.01e+03,2.44e+04]","married=YES","3","car=NO","save_act=NO","current_act=YES","mortgage=NO","pep=NO"
"331","ID12431","old","FEMALE","RURAL","(4.38e+04,6.31e+04]","married=YES","3","car=YES","save_act=YES","current_act=YES","mortgage=NO","pep=YES"
"332","ID12432","teens","FEMALE","INNER_CITY","(5.01e+03,2.44e+04]","married=YES","2","car=NO","save_act=YES","current_act=YES","mortgage=YES","pep=NO"
"333","ID12433","thirties","FEMALE","TOWN","(2.44e+04,4.38e+04]","married=YES","0","car=NO","save_act=YES","current_act=NO","mortgage=NO","pep=NO"
"334","ID12434","fourties","MALE","SUBURBAN","(5.01e+03,2.44e+04]","married=YES","2","car=NO","save_act=YES","current_act=YES","mortgage=NO","pep=NO"
"335","ID12435","twenties","FEMALE","SUBURBAN","(5.01e+03,2.44e+04]","married=YES","1","car=NO","save_act=NO","current_act=YES","mortgage=NO","pep=YES"
"336","ID12436","fourties","MALE","TOWN","(2.44e+04,4.38e+04]","married=YES","1","car=NO","save_act=YES","current_act=NO","mortgage=YES","pep=YES"
"337","ID12437","thirties","MALE","INNER_CITY","(2.44e+04,4.38e+04]","married=YES","2","car=NO","save_act=NO","current_act=NO","mortgage=YES","pep=NO"
"338","ID12438","old","MALE","INNER_CITY","(2.44e+04,4.38e+04]","married=YES","1","car=YES","save_act=YES","current_act=NO","mortgage=YES","pep=NO"
"339","ID12439","fifties","MALE","SUBURBAN","(2.44e+04,4.38e+04]","married=YES","2","car=YES","save_act=YES","current_act=YES","mortgage=YES","pep=YES"
"340","ID12440","teens","MALE","INNER_CITY","(5.01e+03,2.44e+04]","married=YES","0","car=NO","save_act=NO","current_act=YES","mortgage=YES","pep=YES"
"341","ID12441","fourties","FEMALE","SUBURBAN","(2.44e+04,4.38e+04]","married=YES","0","car=NO","save_act=YES","current_act=YES","mortgage=NO","pep=NO"
"342","ID12442","old","MALE","RURAL","(4.38e+04,6.31e+04]","married=YES","1","car=YES","save_act=YES","current_act=NO","mortgage=NO","pep=YES"
"343","ID12443","old","MALE","INNER_CITY","(4.38e+04,6.31e+04]","married=YES","0","car=YES","save_act=YES","current_act=YES","mortgage=NO","pep=NO"
"344","ID12444","fifties","FEMALE","INNER_CITY","(5.01e+03,2.44e+04]","married=YES","0","car=NO","save_act=YES","current_act=YES","mortgage=NO","pep=NO"
"345","ID12445","thirties","MALE","RURAL","(5.01e+03,2.44e+04]","married=YES","2","car=YES","save_act=YES","current_act=YES","mortgage=NO","pep=NO"
"346","ID12446","old","FEMALE","TOWN","(2.44e+04,4.38e+04]","married=YES","1","car=NO","save_act=YES","current_act=YES","mortgage=NO","pep=YES"
"347","ID12447","fourties","MALE","RURAL","(2.44e+04,4.38e+04]","married=YES","0","car=YES","save_act=YES","current_act=NO","mortgage=YES","pep=NO"
"348","ID12448","old","FEMALE","INNER_CITY","(4.38e+04,6.31e+04]","married=YES","0","car=NO","save_act=YES","current_act=NO","mortgage=NO","pep=NO"
"349","ID12449","old","MALE","INNER_CITY","(2.44e+04,4.38e+04]","married=YES","0","car=NO","save_act=YES","current_act=NO","mortgage=YES","pep=NO"
"350","ID12450","fifties","FEMALE","INNER_CITY","(5.01e+03,2.44e+04]","married=NO","1","car=NO","save_act=NO","current_act=YES","mortgage=NO","pep=YES"
"351","ID12451","thirties","FEMALE","INNER_CITY","(2.44e+04,4.38e+04]","married=NO","0","car=YES","save_act=NO","current_act=YES","mortgage=YES","pep=YES"
"352","ID12452","thirties","MALE","TOWN","(2.44e+04,4.38e+04]","married=YES","0","car=NO","save_act=YES","current_act=YES","mortgage=YES","pep=NO"
"353","ID12453","fifties","FEMALE","RURAL","(2.44e+04,4.38e+04]","married=NO","1","car=NO","save_act=YES","current_act=YES","mortgage=YES","pep=NO"
"354","ID12454","fourties","MALE","TOWN","(2.44e+04,4.38e+04]","married=NO","1","car=YES","save_act=YES","current_act=YES","mortgage=NO","pep=YES"
"355","ID12455","fourties","FEMALE","SUBURBAN","(2.44e+04,4.38e+04]","married=YES","0","car=YES","save_act=NO","current_act=YES","mortgage=YES","pep=YES"
"356","ID12456","fifties","FEMALE","RURAL","(4.38e+04,6.31e+04]","married=YES","2","car=NO","save_act=YES","current_act=YES","mortgage=YES","pep=YES"
"357","ID12457","fourties","FEMALE","SUBURBAN","(5.01e+03,2.44e+04]","married=YES","0","car=NO","save_act=NO","current_act=YES","mortgage=NO","pep=NO"
"358","ID12458","teens","MALE","RURAL","(5.01e+03,2.44e+04]","married=NO","0","car=NO","save_act=YES","current_act=YES","mortgage=NO","pep=YES"
"359","ID12459","fifties","FEMALE","INNER_CITY","(2.44e+04,4.38e+04]","married=NO","3","car=YES","save_act=NO","current_act=YES","mortgage=NO","pep=NO"
"360","ID12460","fifties","FEMALE","INNER_CITY","(5.01e+03,2.44e+04]","married=YES","1","car=YES","save_act=YES","current_act=NO","mortgage=NO","pep=YES"
"361","ID12461","old","FEMALE","TOWN","(4.38e+04,6.31e+04]","married=NO","2","car=YES","save_act=YES","current_act=YES","mortgage=NO","pep=YES"
"362","ID12462","fifties","MALE","TOWN","(5.01e+03,2.44e+04]","married=YES","3","car=NO","save_act=YES","current_act=YES","mortgage=YES","pep=NO"
"363","ID12463","fifties","MALE","TOWN","(2.44e+04,4.38e+04]","married=YES","2","car=NO","save_act=NO","current_act=YES","mortgage=NO","pep=NO"
"364","ID12464","teens","FEMALE","TOWN","(5.01e+03,2.44e+04]","married=YES","0","car=NO","save_act=YES","current_act=YES","mortgage=NO","pep=NO"
"365","ID12465","fifties","FEMALE","TOWN","(4.38e+04,6.31e+04]","married=YES","1","car=YES","save_act=YES","current_act=NO","mortgage=NO","pep=YES"
"366","ID12466","twenties","MALE","INNER_CITY","(5.01e+03,2.44e+04]","married=YES","2","car=YES","save_act=YES","current_act=NO","mortgage=NO","pep=YES"
"367","ID12467","fifties","FEMALE","INNER_CITY","(2.44e+04,4.38e+04]","married=NO","1","car=YES","save_act=NO","current_act=YES","mortgage=NO","pep=YES"
"368","ID12468","fifties","MALE","INNER_CITY","(4.38e+04,6.31e+04]","married=YES","0","car=YES","save_act=YES","current_act=YES","mortgage=YES","pep=NO"
"369","ID12469","twenties","MALE","TOWN","(5.01e+03,2.44e+04]","married=YES","0","car=NO","save_act=YES","current_act=YES","mortgage=YES","pep=NO"
"370","ID12470","old","MALE","INNER_CITY","(2.44e+04,4.38e+04]","married=YES","3","car=NO","save_act=YES","current_act=NO","mortgage=YES","pep=NO"
"371","ID12471","old","MALE","INNER_CITY","(4.38e+04,6.31e+04]","married=YES","0","car=NO","save_act=YES","current_act=YES","mortgage=NO","pep=NO"
"372","ID12472","fourties","FEMALE","INNER_CITY","(2.44e+04,4.38e+04]","married=NO","2","car=NO","save_act=YES","current_act=YES","mortgage=NO","pep=YES"
"373","ID12473","twenties","FEMALE","INNER_CITY","(5.01e+03,2.44e+04]","married=NO","0","car=NO","save_act=NO","current_act=NO","mortgage=NO","pep=YES"
"374","ID12474","fifties","FEMALE","INNER_CITY","(2.44e+04,4.38e+04]","married=YES","0","car=NO","save_act=NO","current_act=YES","mortgage=NO","pep=NO"
"375","ID12475","old","FEMALE","SUBURBAN","(4.38e+04,6.31e+04]","married=YES","2","car=NO","save_act=YES","current_act=YES","mortgage=NO","pep=YES"
"376","ID12476","fourties","MALE","INNER_CITY","(5.01e+03,2.44e+04]","married=YES","0","car=YES","save_act=YES","current_act=YES","mortgage=NO","pep=NO"
"377","ID12477","fifties","FEMALE","TOWN","(2.44e+04,4.38e+04]","married=NO","1","car=NO","save_act=NO","current_act=NO","mortgage=YES","pep=YES"
"378","ID12478","thirties","MALE","INNER_CITY","(2.44e+04,4.38e+04]","married=NO","2","car=NO","save_act=NO","current_act=YES","mortgage=NO","pep=NO"
"379","ID12479","teens","MALE","SUBURBAN","(5.01e+03,2.44e+04]","married=YES","0","car=NO","save_act=NO","current_act=YES","mortgage=YES","pep=YES"
"380","ID12480","teens","FEMALE","INNER_CITY","(5.01e+03,2.44e+04]","married=YES","3","car=NO","save_act=NO","current_act=YES","mortgage=NO","pep=NO"
"381","ID12481","fifties","FEMALE","TOWN","(2.44e+04,4.38e+04]","married=NO","0","car=YES","save_act=YES","current_act=YES","mortgage=NO","pep=YES"
"382","ID12482","fourties","FEMALE","INNER_CITY","(2.44e+04,4.38e+04]","married=YES","2","car=YES","save_act=YES","current_act=YES","mortgage=NO","pep=NO"
"383","ID12483","twenties","MALE","INNER_CITY","(5.01e+03,2.44e+04]","married=YES","1","car=NO","save_act=NO","current_act=YES","mortgage=NO","pep=NO"
"384","ID12484","thirties","FEMALE","TOWN","(2.44e+04,4.38e+04]","married=YES","1","car=YES","save_act=YES","current_act=YES","mortgage=NO","pep=YES"
"385","ID12485","thirties","FEMALE","TOWN","(2.44e+04,4.38e+04]","married=YES","0","car=NO","save_act=NO","current_act=YES","mortgage=NO","pep=NO"
"386","ID12486","fifties","FEMALE","INNER_CITY","(2.44e+04,4.38e+04]","married=NO","3","car=YES","save_act=NO","current_act=YES","mortgage=YES","pep=NO"
"387","ID12487","fourties","MALE","INNER_CITY","(5.01e+03,2.44e+04]","married=NO","0","car=NO","save_act=NO","current_act=YES","mortgage=NO","pep=NO"
"388","ID12488","old","MALE","INNER_CITY","(2.44e+04,4.38e+04]","married=NO","1","car=YES","save_act=NO","current_act=NO","mortgage=NO","pep=YES"
"389","ID12489","twenties","MALE","INNER_CITY","(5.01e+03,2.44e+04]","married=NO","0","car=YES","save_act=NO","current_act=YES","mortgage=NO","pep=YES"
"390","ID12490","fourties","FEMALE","INNER_CITY","(5.01e+03,2.44e+04]","married=YES","0","car=NO","save_act=YES","current_act=NO","mortgage=NO","pep=NO"
"391","ID12491","fifties","FEMALE","INNER_CITY","(4.38e+04,6.31e+04]","married=YES","0","car=NO","save_act=YES","current_act=YES","mortgage=NO","pep=NO"
"392","ID12492","thirties","MALE","TOWN","(5.01e+03,2.44e+04]","married=NO","0","car=YES","save_act=NO","current_act=YES","mortgage=NO","pep=YES"
"393","ID12493","fifties","FEMALE","TOWN","(2.44e+04,4.38e+04]","married=YES","3","car=YES","save_act=YES","current_act=NO","mortgage=NO","pep=NO"
"394","ID12494","fifties","FEMALE","INNER_CITY","(5.01e+03,2.44e+04]","married=YES","2","car=YES","save_act=YES","current_act=NO","mortgage=YES","pep=NO"
"395","ID12495","fifties","FEMALE","SUBURBAN","(2.44e+04,4.38e+04]","married=NO","0","car=YES","save_act=NO","current_act=NO","mortgage=YES","pep=YES"
"396","ID12496","old","FEMALE","TOWN","(5.01e+03,2.44e+04]","married=YES","3","car=YES","save_act=NO","current_act=NO","mortgage=YES","pep=NO"
"397","ID12497","thirties","MALE","RURAL","(2.44e+04,4.38e+04]","married=YES","0","car=YES","save_act=YES","current_act=NO","mortgage=NO","pep=NO"
"398","ID12498","fourties","MALE","INNER_CITY","(2.44e+04,4.38e+04]","married=YES","2","car=NO","save_act=YES","current_act=YES","mortgage=NO","pep=YES"
"399","ID12499","old","FEMALE","INNER_CITY","(4.38e+04,6.31e+04]","married=NO","1","car=NO","save_act=YES","current_act=YES","mortgage=NO","pep=YES"
"400","ID12500","fourties","MALE","TOWN","(2.44e+04,4.38e+04]","married=YES","0","car=YES","save_act=YES","current_act=NO","mortgage=YES","pep=NO"
"401","ID12501","thirties","FEMALE","RURAL","(5.01e+03,2.44e+04]","married=NO","0","car=NO","save_act=NO","current_act=YES","mortgage=YES","pep=YES"
"402","ID12502","twenties","MALE","RURAL","(5.01e+03,2.44e+04]","married=NO","3","car=YES","save_act=NO","current_act=NO","mortgage=YES","pep=NO"
"403","ID12503","fourties","MALE","INNER_CITY","(2.44e+04,4.38e+04]","married=YES","0","car=YES","save_act=NO","current_act=YES","mortgage=NO","pep=NO"
"404","ID12504","thirties","MALE","INNER_CITY","(5.01e+03,2.44e+04]","married=NO","0","car=NO","save_act=NO","current_act=NO","mortgage=YES","pep=YES"
"405","ID12505","twenties","FEMALE","INNER_CITY","(5.01e+03,2.44e+04]","married=YES","3","car=NO","save_act=YES","current_act=YES","mortgage=NO","pep=YES"
"406","ID12506","fourties","MALE","SUBURBAN","(2.44e+04,4.38e+04]","married=YES","3","car=YES","save_act=YES","current_act=YES","mortgage=NO","pep=YES"
"407","ID12507","fifties","MALE","SUBURBAN","(4.38e+04,6.31e+04]","married=NO","1","car=NO","save_act=YES","current_act=YES","mortgage=NO","pep=YES"
"408","ID12508","thirties","MALE","SUBURBAN","(5.01e+03,2.44e+04]","married=NO","0","car=NO","save_act=YES","current_act=YES","mortgage=NO","pep=YES"
"409","ID12509","fourties","FEMALE","SUBURBAN","(5.01e+03,2.44e+04]","married=YES","1","car=YES","save_act=NO","current_act=NO","mortgage=NO","pep=YES"
"410","ID12510","twenties","MALE","SUBURBAN","(5.01e+03,2.44e+04]","married=YES","2","car=NO","save_act=YES","current_act=NO","mortgage=NO","pep=NO"
"411","ID12511","twenties","FEMALE","INNER_CITY","(5.01e+03,2.44e+04]","married=NO","1","car=YES","save_act=NO","current_act=YES","mortgage=YES","pep=YES"
"412","ID12512","twenties","MALE","INNER_CITY","(5.01e+03,2.44e+04]","married=NO","0","car=YES","save_act=YES","current_act=YES","mortgage=YES","pep=NO"
"413","ID12513","old","FEMALE","INNER_CITY","(4.38e+04,6.31e+04]","married=NO","2","car=YES","save_act=YES","current_act=YES","mortgage=NO","pep=YES"
"414","ID12514","twenties","FEMALE","INNER_CITY","(5.01e+03,2.44e+04]","married=YES","0","car=YES","save_act=NO","current_act=YES","mortgage=NO","pep=YES"
"415","ID12515","fifties","FEMALE","SUBURBAN","(4.38e+04,6.31e+04]","married=YES","0","car=NO","save_act=YES","current_act=YES","mortgage=NO","pep=NO"
"416","ID12516","twenties","MALE","RURAL","(5.01e+03,2.44e+04]","married=YES","0","car=NO","save_act=YES","current_act=YES","mortgage=YES","pep=NO"
"417","ID12517","thirties","MALE","INNER_CITY","(5.01e+03,2.44e+04]","married=NO","1","car=NO","save_act=YES","current_act=NO","mortgage=YES","pep=NO"
"418","ID12518","thirties","MALE","RURAL","(5.01e+03,2.44e+04]","married=YES","1","car=YES","save_act=NO","current_act=NO","mortgage=NO","pep=YES"
"419","ID12519","twenties","FEMALE","TOWN","(2.44e+04,4.38e+04]","married=YES","2","car=YES","save_act=YES","current_act=NO","mortgage=NO","pep=YES"
"420","ID12520","fifties","MALE","TOWN","(5.01e+03,2.44e+04]","married=YES","0","car=NO","save_act=YES","current_act=YES","mortgage=YES","pep=NO"
"421","ID12521","old","MALE","INNER_CITY","(4.38e+04,6.31e+04]","married=YES","0","car=YES","save_act=YES","current_act=YES","mortgage=YES","pep=NO"
"422","ID12522","fourties","MALE","INNER_CITY","(2.44e+04,4.38e+04]","married=NO","1","car=NO","save_act=YES","current_act=NO","mortgage=NO","pep=YES"
"423","ID12523","twenties","MALE","INNER_CITY","(5.01e+03,2.44e+04]","married=YES","1","car=YES","save_act=NO","current_act=YES","mortgage=NO","pep=NO"
"424","ID12524","fifties","FEMALE","INNER_CITY","(4.38e+04,6.31e+04]","married=YES","0","car=YES","save_act=YES","current_act=YES","mortgage=NO","pep=NO"
"425","ID12525","teens","MALE","TOWN","(5.01e+03,2.44e+04]","married=NO","1","car=YES","save_act=NO","current_act=YES","mortgage=NO","pep=YES"
"426","ID12526","fourties","FEMALE","RURAL","(2.44e+04,4.38e+04]","married=YES","0","car=NO","save_act=YES","current_act=YES","mortgage=NO","pep=NO"
"427","ID12527","old","FEMALE","TOWN","(2.44e+04,4.38e+04]","married=YES","3","car=NO","save_act=YES","current_act=NO","mortgage=NO","pep=NO"
"428","ID12528","fifties","FEMALE","INNER_CITY","(2.44e+04,4.38e+04]","married=YES","2","car=YES","save_act=NO","current_act=NO","mortgage=NO","pep=YES"
"429","ID12529","thirties","FEMALE","INNER_CITY","(5.01e+03,2.44e+04]","married=YES","1","car=YES","save_act=NO","current_act=YES","mortgage=YES","pep=YES"
"430","ID12530","thirties","MALE","RURAL","(2.44e+04,4.38e+04]","married=NO","2","car=NO","save_act=YES","current_act=YES","mortgage=YES","pep=NO"
"431","ID12531","fourties","MALE","TOWN","(2.44e+04,4.38e+04]","married=YES","0","car=NO","save_act=YES","current_act=NO","mortgage=YES","pep=NO"
"432","ID12532","old","FEMALE","TOWN","(4.38e+04,6.31e+04]","married=YES","1","car=YES","save_act=YES","current_act=YES","mortgage=NO","pep=YES"
"433","ID12533","fourties","MALE","TOWN","(5.01e+03,2.44e+04]","married=NO","0","car=YES","save_act=YES","current_act=YES","mortgage=YES","pep=NO"
"434","ID12534","fourties","FEMALE","RURAL","(2.44e+04,4.38e+04]","married=YES","0","car=NO","save_act=NO","current_act=YES","mortgage=YES","pep=YES"
"435","ID12535","fourties","MALE","INNER_CITY","(5.01e+03,2.44e+04]","married=YES","0","car=YES","save_act=YES","current_act=NO","mortgage=NO","pep=NO"
"436","ID12536","twenties","MALE","TOWN","(5.01e+03,2.44e+04]","married=NO","2","car=YES","save_act=YES","current_act=YES","mortgage=YES","pep=NO"
"437","ID12537","thirties","MALE","INNER_CITY","(5.01e+03,2.44e+04]","married=YES","0","car=YES","save_act=NO","current_act=NO","mortgage=YES","pep=YES"
"438","ID12538","old","FEMALE","INNER_CITY","(2.44e+04,4.38e+04]","married=NO","1","car=YES","save_act=YES","current_act=NO","mortgage=YES","pep=YES"
"439","ID12539","teens","FEMALE","SUBURBAN","(5.01e+03,2.44e+04]","married=YES","1","car=NO","save_act=NO","current_act=YES","mortgage=NO","pep=NO"
"440","ID12540","teens","MALE","INNER_CITY","(5.01e+03,2.44e+04]","married=YES","1","car=YES","save_act=NO","current_act=YES","mortgage=NO","pep=NO"
"441","ID12541","thirties","MALE","INNER_CITY","(2.44e+04,4.38e+04]","married=YES","1","car=NO","save_act=YES","current_act=NO","mortgage=YES","pep=YES"
"442","ID12542","fourties","MALE","INNER_CITY","(4.38e+04,6.31e+04]","married=YES","0","car=YES","save_act=YES","current_act=YES","mortgage=NO","pep=NO"
"443","ID12543","fourties","FEMALE","RURAL","(2.44e+04,4.38e+04]","married=YES","0","car=YES","save_act=YES","current_act=YES","mortgage=NO","pep=NO"
"444","ID12544","thirties","MALE","TOWN","(2.44e+04,4.38e+04]","married=NO","0","car=YES","save_act=NO","current_act=YES","mortgage=YES","pep=YES"
"445","ID12545","twenties","FEMALE","RURAL","(5.01e+03,2.44e+04]","married=YES","0","car=NO","save_act=YES","current_act=YES","mortgage=NO","pep=YES"
"446","ID12546","thirties","MALE","RURAL","(2.44e+04,4.38e+04]","married=YES","0","car=YES","save_act=YES","current_act=YES","mortgage=NO","pep=NO"
"447","ID12547","fifties","FEMALE","TOWN","(2.44e+04,4.38e+04]","married=YES","0","car=NO","save_act=YES","current_act=YES","mortgage=NO","pep=NO"
"448","ID12548","thirties","FEMALE","TOWN","(2.44e+04,4.38e+04]","married=YES","2","car=NO","save_act=NO","current_act=YES","mortgage=NO","pep=YES"
"449","ID12549","fifties","MALE","RURAL","(4.38e+04,6.31e+04]","married=YES","3","car=YES","save_act=YES","current_act=NO","mortgage=NO","pep=YES"
"450","ID12550","thirties","FEMALE","RURAL","(2.44e+04,4.38e+04]","married=NO","0","car=YES","save_act=YES","current_act=YES","mortgage=NO","pep=YES"
"451","ID12551","fourties","MALE","INNER_CITY","(2.44e+04,4.38e+04]","married=YES","3","car=YES","save_act=NO","current_act=NO","mortgage=NO","pep=NO"
"452","ID12552","fourties","MALE","TOWN","(2.44e+04,4.38e+04]","married=NO","0","car=YES","save_act=YES","current_act=NO","mortgage=YES","pep=NO"
"453","ID12553","fifties","FEMALE","INNER_CITY","(2.44e+04,4.38e+04]","married=NO","0","car=NO","save_act=NO","current_act=YES","mortgage=NO","pep=YES"
"454","ID12554","fifties","FEMALE","RURAL","(4.38e+04,6.31e+04]","married=NO","0","car=YES","save_act=YES","current_act=YES","mortgage=YES","pep=NO"
"455","ID12555","twenties","MALE","INNER_CITY","(5.01e+03,2.44e+04]","married=NO","0","car=NO","save_act=YES","current_act=YES","mortgage=YES","pep=NO"
"456","ID12556","twenties","FEMALE","INNER_CITY","(5.01e+03,2.44e+04]","married=YES","0","car=YES","save_act=YES","current_act=YES","mortgage=NO","pep=NO"
"457","ID12557","thirties","FEMALE","TOWN","(5.01e+03,2.44e+04]","married=YES","0","car=YES","save_act=YES","current_act=YES","mortgage=YES","pep=NO"
"458","ID12558","old","FEMALE","INNER_CITY","(4.38e+04,6.31e+04]","married=YES","0","car=NO","save_act=YES","current_act=YES","mortgage=NO","pep=NO"
"459","ID12559","teens","MALE","SUBURBAN","(5.01e+03,2.44e+04]","married=NO","1","car=NO","save_act=YES","current_act=YES","mortgage=NO","pep=NO"
"460","ID12560","old","MALE","TOWN","(4.38e+04,6.31e+04]","married=YES","1","car=NO","save_act=YES","current_act=YES","mortgage=NO","pep=YES"
"461","ID12561","fourties","MALE","INNER_CITY","(5.01e+03,2.44e+04]","married=YES","0","car=YES","save_act=NO","current_act=YES","mortgage=YES","pep=YES"
"462","ID12562","old","FEMALE","SUBURBAN","(2.44e+04,4.38e+04]","married=YES","0","car=YES","save_act=YES","current_act=NO","mortgage=YES","pep=NO"
"463","ID12563","twenties","FEMALE","INNER_CITY","(5.01e+03,2.44e+04]","married=YES","0","car=YES","save_act=NO","current_act=YES","mortgage=YES","pep=YES"
"464","ID12564","twenties","FEMALE","RURAL","(5.01e+03,2.44e+04]","married=YES","2","car=YES","save_act=NO","current_act=YES","mortgage=NO","pep=NO"
"465","ID12565","twenties","MALE","TOWN","(5.01e+03,2.44e+04]","married=NO","0","car=YES","save_act=YES","current_act=YES","mortgage=NO","pep=YES"
"466","ID12566","fifties","FEMALE","TOWN","(2.44e+04,4.38e+04]","married=YES","2","car=YES","save_act=YES","current_act=YES","mortgage=YES","pep=NO"
"467","ID12567","thirties","MALE","INNER_CITY","(5.01e+03,2.44e+04]","married=YES","0","car=NO","save_act=NO","current_act=YES","mortgage=NO","pep=NO"
"468","ID12568","thirties","FEMALE","SUBURBAN","(5.01e+03,2.44e+04]","married=NO","3","car=NO","save_act=YES","current_act=YES","mortgage=NO","pep=YES"
"469","ID12569","fourties","MALE","SUBURBAN","(5.01e+03,2.44e+04]","married=YES","0","car=NO","save_act=NO","current_act=YES","mortgage=NO","pep=YES"
"470","ID12570","old","MALE","TOWN","(2.44e+04,4.38e+04]","married=NO","3","car=YES","save_act=YES","current_act=YES","mortgage=NO","pep=NO"
"471","ID12571","old","FEMALE","INNER_CITY","(2.44e+04,4.38e+04]","married=YES","0","car=NO","save_act=YES","current_act=YES","mortgage=YES","pep=NO"
"472","ID12572","fifties","FEMALE","INNER_CITY","(2.44e+04,4.38e+04]","married=YES","0","car=YES","save_act=YES","current_act=YES","mortgage=NO","pep=NO"
"473","ID12573","old","MALE","INNER_CITY","(5.01e+03,2.44e+04]","married=YES","2","car=YES","save_act=YES","current_act=NO","mortgage=NO","pep=NO"
"474","ID12574","fourties","FEMALE","TOWN","(2.44e+04,4.38e+04]","married=NO","0","car=NO","save_act=YES","current_act=YES","mortgage=NO","pep=YES"
"475","ID12575","thirties","FEMALE","TOWN","(5.01e+03,2.44e+04]","married=NO","1","car=YES","save_act=YES","current_act=YES","mortgage=YES","pep=YES"
"476","ID12576","thirties","FEMALE","TOWN","(5.01e+03,2.44e+04]","married=YES","2","car=NO","save_act=YES","current_act=YES","mortgage=YES","pep=NO"
"477","ID12577","fourties","MALE","RURAL","(2.44e+04,4.38e+04]","married=NO","1","car=NO","save_act=NO","current_act=YES","mortgage=NO","pep=YES"
"478","ID12578","thirties","MALE","INNER_CITY","(2.44e+04,4.38e+04]","married=YES","0","car=NO","save_act=YES","current_act=YES","mortgage=YES","pep=NO"
"479","ID12579","fourties","MALE","TOWN","(5.01e+03,2.44e+04]","married=YES","2","car=NO","save_act=YES","current_act=YES","mortgage=YES","pep=NO"
"480","ID12580","fourties","MALE","TOWN","(2.44e+04,4.38e+04]","married=NO","1","car=YES","save_act=YES","current_act=YES","mortgage=NO","pep=YES"
"481","ID12581","twenties","MALE","RURAL","(5.01e+03,2.44e+04]","married=YES","2","car=NO","save_act=NO","current_act=YES","mortgage=YES","pep=NO"
"482","ID12582","fourties","MALE","INNER_CITY","(4.38e+04,6.31e+04]","married=NO","2","car=YES","save_act=YES","current_act=YES","mortgage=NO","pep=YES"
"483","ID12583","fourties","MALE","RURAL","(2.44e+04,4.38e+04]","married=NO","0","car=NO","save_act=YES","current_act=YES","mortgage=YES","pep=NO"
"484","ID12584","twenties","MALE","RURAL","(5.01e+03,2.44e+04]","married=YES","0","car=YES","save_act=YES","current_act=NO","mortgage=NO","pep=NO"
"485","ID12585","twenties","FEMALE","INNER_CITY","(5.01e+03,2.44e+04]","married=YES","1","car=YES","save_act=YES","current_act=YES","mortgage=NO","pep=YES"
"486","ID12586","old","FEMALE","INNER_CITY","(4.38e+04,6.31e+04]","married=YES","0","car=YES","save_act=YES","current_act=YES","mortgage=YES","pep=NO"
"487","ID12587","thirties","FEMALE","TOWN","(5.01e+03,2.44e+04]","married=YES","0","car=NO","save_act=YES","current_act=NO","mortgage=YES","pep=NO"
"488","ID12588","teens","MALE","RURAL","(5.01e+03,2.44e+04]","married=YES","1","car=NO","save_act=NO","current_act=YES","mortgage=NO","pep=YES"
"489","ID12589","twenties","FEMALE","TOWN","(5.01e+03,2.44e+04]","married=YES","3","car=NO","save_act=YES","current_act=NO","mortgage=NO","pep=NO"
"490","ID12590","twenties","MALE","INNER_CITY","(5.01e+03,2.44e+04]","married=YES","2","car=NO","save_act=YES","current_act=NO","mortgage=NO","pep=YES"
"491","ID12591","fifties","FEMALE","INNER_CITY","(2.44e+04,4.38e+04]","married=YES","1","car=YES","save_act=YES","current_act=NO","mortgage=YES","pep=YES"
"492","ID12592","fourties","FEMALE","TOWN","(5.01e+03,2.44e+04]","married=NO","1","car=YES","save_act=YES","current_act=YES","mortgage=NO","pep=YES"
"493","ID12593","old","FEMALE","TOWN","(2.44e+04,4.38e+04]","married=YES","0","car=YES","save_act=YES","current_act=NO","mortgage=YES","pep=YES"
"494","ID12594","fifties","MALE","INNER_CITY","(2.44e+04,4.38e+04]","married=NO","0","car=NO","save_act=YES","current_act=YES","mortgage=NO","pep=YES"
"495","ID12595","fourties","FEMALE","RURAL","(2.44e+04,4.38e+04]","married=YES","3","car=NO","save_act=YES","current_act=YES","mortgage=NO","pep=NO"
"496","ID12596","fourties","MALE","INNER_CITY","(2.44e+04,4.38e+04]","married=YES","0","car=NO","save_act=NO","current_act=NO","mortgage=YES","pep=YES"
"497","ID12597","fourties","MALE","TOWN","(2.44e+04,4.38e+04]","married=NO","2","car=YES","save_act=YES","current_act=YES","mortgage=YES","pep=YES"
"498","ID12598","old","MALE","INNER_CITY","(4.38e+04,6.31e+04]","married=NO","0","car=NO","save_act=YES","current_act=YES","mortgage=NO","pep=YES"
"499","ID12599","fifties","FEMALE","TOWN","(4.38e+04,6.31e+04]","married=NO","0","car=NO","save_act=YES","current_act=YES","mortgage=YES","pep=NO"
"500","ID12600","fourties","FEMALE","TOWN","(5.01e+03,2.44e+04]","married=YES","0","car=YES","save_act=NO","current_act=YES","mortgage=NO","pep=YES"
"501","ID12601","thirties","FEMALE","INNER_CITY","(2.44e+04,4.38e+04]","married=YES","3","car=YES","save_act=YES","current_act=NO","mortgage=NO","pep=NO"
"502","ID12602","fifties","FEMALE","INNER_CITY","(2.44e+04,4.38e+04]","married=NO","1","car=YES","save_act=NO","current_act=YES","mortgage=NO","pep=YES"
"503","ID12603","thirties","FEMALE","TOWN","(2.44e+04,4.38e+04]","married=YES","0","car=YES","save_act=NO","current_act=NO","mortgage=NO","pep=NO"
"504","ID12604","twenties","FEMALE","INNER_CITY","(5.01e+03,2.44e+04]","married=NO","0","car=YES","save_act=YES","current_act=YES","mortgage=YES","pep=NO"
"505","ID12605","old","FEMALE","INNER_CITY","(4.38e+04,6.31e+04]","married=YES","1","car=YES","save_act=YES","current_act=YES","mortgage=NO","pep=YES"
"506","ID12606","thirties","FEMALE","TOWN","(2.44e+04,4.38e+04]","married=YES","0","car=YES","save_act=YES","current_act=YES","mortgage=NO","pep=NO"
"507","ID12607","fifties","FEMALE","INNER_CITY","(5.01e+03,2.44e+04]","married=YES","0","car=NO","save_act=NO","current_act=NO","mortgage=YES","pep=YES"
"508","ID12608","twenties","FEMALE","SUBURBAN","(5.01e+03,2.44e+04]","married=NO","0","car=YES","save_act=YES","current_act=YES","mortgage=NO","pep=YES"
"509","ID12609","fifties","MALE","SUBURBAN","(4.38e+04,6.31e+04]","married=NO","2","car=NO","save_act=YES","current_act=YES","mortgage=YES","pep=YES"
"510","ID12610","twenties","FEMALE","RURAL","(5.01e+03,2.44e+04]","married=YES","2","car=YES","save_act=YES","current_act=YES","mortgage=NO","pep=YES"
"511","ID12611","twenties","FEMALE","TOWN","(5.01e+03,2.44e+04]","married=YES","0","car=NO","save_act=YES","current_act=NO","mortgage=NO","pep=NO"
"512","ID12612","fourties","MALE","INNER_CITY","(5.01e+03,2.44e+04]","married=YES","3","car=NO","save_act=YES","current_act=YES","mortgage=NO","pep=NO"
"513","ID12613","old","FEMALE","TOWN","(4.38e+04,6.31e+04]","married=YES","0","car=YES","save_act=YES","current_act=YES","mortgage=YES","pep=NO"
"514","ID12614","twenties","FEMALE","RURAL","(5.01e+03,2.44e+04]","married=NO","3","car=NO","save_act=YES","current_act=YES","mortgage=NO","pep=NO"
"515","ID12615","thirties","MALE","INNER_CITY","(2.44e+04,4.38e+04]","married=NO","0","car=YES","save_act=YES","current_act=NO","mortgage=NO","pep=YES"
"516","ID12616","fourties","FEMALE","INNER_CITY","(5.01e+03,2.44e+04]","married=YES","1","car=NO","save_act=YES","current_act=YES","mortgage=NO","pep=YES"
"517","ID12617","thirties","FEMALE","TOWN","(5.01e+03,2.44e+04]","married=NO","0","car=NO","save_act=YES","current_act=NO","mortgage=NO","pep=YES"
"518","ID12618","fifties","MALE","TOWN","(2.44e+04,4.38e+04]","married=YES","1","car=NO","save_act=YES","current_act=NO","mortgage=YES","pep=YES"
"519","ID12619","twenties","FEMALE","TOWN","(5.01e+03,2.44e+04]","married=NO","3","car=NO","save_act=NO","current_act=YES","mortgage=NO","pep=NO"
"520","ID12620","fifties","FEMALE","INNER_CITY","(2.44e+04,4.38e+04]","married=YES","3","car=YES","save_act=YES","current_act=YES","mortgage=YES","pep=NO"
"521","ID12621","thirties","FEMALE","INNER_CITY","(5.01e+03,2.44e+04]","married=YES","2","car=YES","save_act=NO","current_act=YES","mortgage=NO","pep=YES"
"522","ID12622","thirties","FEMALE","TOWN","(5.01e+03,2.44e+04]","married=YES","2","car=YES","save_act=YES","current_act=YES","mortgage=NO","pep=NO"
"523","ID12623","twenties","MALE","SUBURBAN","(5.01e+03,2.44e+04]","married=NO","3","car=NO","save_act=YES","current_act=YES","mortgage=YES","pep=NO"
"524","ID12624","thirties","FEMALE","TOWN","(5.01e+03,2.44e+04]","married=YES","0","car=YES","save_act=YES","current_act=NO","mortgage=YES","pep=NO"
"525","ID12625","fourties","MALE","SUBURBAN","(5.01e+03,2.44e+04]","married=YES","0","car=YES","save_act=YES","current_act=YES","mortgage=YES","pep=YES"
"526","ID12626","fourties","FEMALE","INNER_CITY","(5.01e+03,2.44e+04]","married=YES","1","car=NO","save_act=NO","current_act=YES","mortgage=NO","pep=YES"
"527","ID12627","thirties","MALE","INNER_CITY","(5.01e+03,2.44e+04]","married=NO","2","car=NO","save_act=YES","current_act=NO","mortgage=YES","pep=NO"
"528","ID12628","twenties","FEMALE","TOWN","(5.01e+03,2.44e+04]","married=NO","1","car=NO","save_act=YES","current_act=YES","mortgage=YES","pep=NO"
"529","ID12629","twenties","FEMALE","INNER_CITY","(2.44e+04,4.38e+04]","married=YES","2","car=NO","save_act=NO","current_act=YES","mortgage=NO","pep=NO"
"530","ID12630","fifties","MALE","RURAL","(2.44e+04,4.38e+04]","married=YES","1","car=YES","save_act=YES","current_act=YES","mortgage=NO","pep=NO"
"531","ID12631","old","MALE","SUBURBAN","(4.38e+04,6.31e+04]","married=YES","1","car=NO","save_act=YES","current_act=YES","mortgage=NO","pep=YES"
"532","ID12632","thirties","FEMALE","INNER_CITY","(2.44e+04,4.38e+04]","married=NO","1","car=YES","save_act=NO","current_act=NO","mortgage=NO","pep=YES"
"533","ID12633","fifties","MALE","INNER_CITY","(2.44e+04,4.38e+04]","married=NO","1","car=NO","save_act=YES","current_act=YES","mortgage=NO","pep=YES"
"534","ID12634","fifties","MALE","INNER_CITY","(2.44e+04,4.38e+04]","married=YES","0","car=YES","save_act=NO","current_act=YES","mortgage=YES","pep=YES"
"535","ID12635","twenties","FEMALE","TOWN","(5.01e+03,2.44e+04]","married=NO","1","car=YES","save_act=YES","current_act=YES","mortgage=YES","pep=NO"
"536","ID12636","twenties","MALE","INNER_CITY","(5.01e+03,2.44e+04]","married=YES","0","car=NO","save_act=NO","current_act=YES","mortgage=NO","pep=NO"
"537","ID12637","fifties","FEMALE","INNER_CITY","(2.44e+04,4.38e+04]","married=NO","1","car=NO","save_act=YES","current_act=YES","mortgage=NO","pep=YES"
"538","ID12638","old","FEMALE","RURAL","(4.38e+04,6.31e+04]","married=NO","2","car=NO","save_act=YES","current_act=YES","mortgage=NO","pep=YES"
"539","ID12639","fourties","FEMALE","INNER_CITY","(2.44e+04,4.38e+04]","married=YES","0","car=NO","save_act=YES","current_act=YES","mortgage=NO","pep=NO"
"540","ID12640","teens","MALE","INNER_CITY","(5.01e+03,2.44e+04]","married=YES","0","car=NO","save_act=YES","current_act=YES","mortgage=YES","pep=YES"
"541","ID12641","fourties","FEMALE","INNER_CITY","(5.01e+03,2.44e+04]","married=YES","1","car=YES","save_act=YES","current_act=NO","mortgage=YES","pep=YES"
"542","ID12642","thirties","MALE","RURAL","(2.44e+04,4.38e+04]","married=YES","2","car=NO","save_act=YES","current_act=YES","mortgage=NO","pep=YES"
"543","ID12643","thirties","MALE","INNER_CITY","(5.01e+03,2.44e+04]","married=YES","2","car=YES","save_act=YES","current_act=YES","mortgage=NO","pep=NO"
"544","ID12644","old","MALE","SUBURBAN","(4.38e+04,6.31e+04]","married=YES","1","car=YES","save_act=YES","current_act=NO","mortgage=YES","pep=YES"
"545","ID12645","fourties","MALE","RURAL","(5.01e+03,2.44e+04]","married=YES","1","car=YES","save_act=YES","current_act=YES","mortgage=NO","pep=YES"
"546","ID12646","thirties","MALE","INNER_CITY","(2.44e+04,4.38e+04]","married=NO","0","car=NO","save_act=NO","current_act=YES","mortgage=YES","pep=YES"
"547","ID12647","twenties","FEMALE","INNER_CITY","(5.01e+03,2.44e+04]","married=NO","0","car=YES","save_act=NO","current_act=NO","mortgage=YES","pep=YES"
"548","ID12648","twenties","MALE","SUBURBAN","(5.01e+03,2.44e+04]","married=YES","2","car=YES","save_act=YES","current_act=YES","mortgage=NO","pep=NO"
"549","ID12649","fourties","MALE","RURAL","(5.01e+03,2.44e+04]","married=YES","1","car=YES","save_act=YES","current_act=YES","mortgage=NO","pep=YES"
"550","ID12650","fifties","FEMALE","TOWN","(4.38e+04,6.31e+04]","married=YES","1","car=YES","save_act=YES","current_act=YES","mortgage=YES","pep=YES"
"551","ID12651","twenties","FEMALE","INNER_CITY","(5.01e+03,2.44e+04]","married=YES","1","car=YES","save_act=NO","current_act=YES","mortgage=NO","pep=NO"
"552","ID12652","fifties","MALE","SUBURBAN","(2.44e+04,4.38e+04]","married=YES","3","car=NO","save_act=NO","current_act=NO","mortgage=NO","pep=NO"
"553","ID12653","fourties","MALE","INNER_CITY","(2.44e+04,4.38e+04]","married=YES","2","car=YES","save_act=YES","current_act=YES","mortgage=NO","pep=NO"
"554","ID12654","fourties","FEMALE","SUBURBAN","(2.44e+04,4.38e+04]","married=YES","0","car=YES","save_act=NO","current_act=NO","mortgage=YES","pep=NO"
"555","ID12655","old","FEMALE","INNER_CITY","(2.44e+04,4.38e+04]","married=YES","3","car=YES","save_act=YES","current_act=YES","mortgage=NO","pep=NO"
"556","ID12656","teens","FEMALE","TOWN","(5.01e+03,2.44e+04]","married=YES","2","car=YES","save_act=YES","current_act=YES","mortgage=NO","pep=NO"
"557","ID12657","fourties","FEMALE","RURAL","(5.01e+03,2.44e+04]","married=YES","1","car=YES","save_act=YES","current_act=YES","mortgage=YES","pep=YES"
"558","ID12658","fourties","MALE","RURAL","(2.44e+04,4.38e+04]","married=YES","0","car=NO","save_act=NO","current_act=YES","mortgage=NO","pep=NO"
"559","ID12659","thirties","FEMALE","SUBURBAN","(2.44e+04,4.38e+04]","married=YES","0","car=NO","save_act=YES","current_act=YES","mortgage=NO","pep=NO"
"560","ID12660","old","FEMALE","SUBURBAN","(2.44e+04,4.38e+04]","married=YES","0","car=NO","save_act=NO","current_act=YES","mortgage=YES","pep=YES"
"561","ID12661","thirties","MALE","INNER_CITY","(5.01e+03,2.44e+04]","married=NO","1","car=NO","save_act=YES","current_act=YES","mortgage=NO","pep=YES"
"562","ID12662","twenties","FEMALE","SUBURBAN","(5.01e+03,2.44e+04]","married=NO","0","car=NO","save_act=NO","current_act=YES","mortgage=YES","pep=YES"
"563","ID12663","fifties","FEMALE","RURAL","(4.38e+04,6.31e+04]","married=YES","0","car=NO","save_act=YES","current_act=YES","mortgage=NO","pep=NO"
"564","ID12664","thirties","FEMALE","INNER_CITY","(5.01e+03,2.44e+04]","married=NO","1","car=NO","save_act=NO","current_act=YES","mortgage=YES","pep=YES"
"565","ID12665","fourties","MALE","SUBURBAN","(5.01e+03,2.44e+04]","married=YES","0","car=YES","save_act=NO","current_act=YES","mortgage=YES","pep=YES"
"566","ID12666","twenties","MALE","TOWN","(2.44e+04,4.38e+04]","married=YES","0","car=YES","save_act=YES","current_act=NO","mortgage=NO","pep=NO"
"567","ID12667","fourties","MALE","TOWN","(5.01e+03,2.44e+04]","married=YES","0","car=NO","save_act=NO","current_act=YES","mortgage=YES","pep=NO"
"568","ID12668","teens","FEMALE","INNER_CITY","(5.01e+03,2.44e+04]","married=YES","2","car=YES","save_act=YES","current_act=YES","mortgage=NO","pep=NO"
"569","ID12669","thirties","FEMALE","TOWN","(2.44e+04,4.38e+04]","married=YES","0","car=YES","save_act=YES","current_act=YES","mortgage=NO","pep=NO"
"570","ID12670","fourties","MALE","INNER_CITY","(5.01e+03,2.44e+04]","married=NO","1","car=YES","save_act=YES","current_act=YES","mortgage=YES","pep=YES"
"571","ID12671","fourties","FEMALE","RURAL","(2.44e+04,4.38e+04]","married=NO","3","car=YES","save_act=NO","current_act=YES","mortgage=NO","pep=NO"
"572","ID12672","thirties","MALE","INNER_CITY","(2.44e+04,4.38e+04]","married=YES","0","car=NO","save_act=NO","current_act=NO","mortgage=NO","pep=NO"
"573","ID12673","thirties","FEMALE","SUBURBAN","(2.44e+04,4.38e+04]","married=NO","2","car=NO","save_act=YES","current_act=YES","mortgage=NO","pep=YES"
"574","ID12674","thirties","MALE","TOWN","(5.01e+03,2.44e+04]","married=YES","2","car=YES","save_act=YES","current_act=YES","mortgage=NO","pep=NO"
"575","ID12675","fourties","FEMALE","INNER_CITY","(2.44e+04,4.38e+04]","married=YES","0","car=YES","save_act=YES","current_act=YES","mortgage=NO","pep=NO"
"576","ID12676","thirties","MALE","TOWN","(2.44e+04,4.38e+04]","married=YES","0","car=NO","save_act=YES","current_act=YES","mortgage=YES","pep=NO"
"577","ID12677","twenties","FEMALE","TOWN","(5.01e+03,2.44e+04]","married=YES","1","car=YES","save_act=YES","current_act=YES","mortgage=NO","pep=YES"
"578","ID12678","old","MALE","TOWN","(4.38e+04,6.31e+04]","married=YES","0","car=YES","save_act=YES","current_act=NO","mortgage=NO","pep=YES"
"579","ID12679","teens","MALE","INNER_CITY","(5.01e+03,2.44e+04]","married=NO","0","car=NO","save_act=YES","current_act=YES","mortgage=YES","pep=NO"
"580","ID12680","fourties","FEMALE","TOWN","(2.44e+04,4.38e+04]","married=YES","0","car=YES","save_act=NO","current_act=NO","mortgage=NO","pep=NO"
"581","ID12681","old","MALE","SUBURBAN","(4.38e+04,6.31e+04]","married=YES","2","car=YES","save_act=YES","current_act=NO","mortgage=YES","pep=YES"
"582","ID12682","teens","MALE","TOWN","(5.01e+03,2.44e+04]","married=YES","2","car=YES","save_act=NO","current_act=YES","mortgage=YES","pep=NO"
"583","ID12683","fourties","FEMALE","TOWN","(5.01e+03,2.44e+04]","married=NO","3","car=NO","save_act=YES","current_act=NO","mortgage=NO","pep=NO"
"584","ID12684","fourties","FEMALE","RURAL","(2.44e+04,4.38e+04]","married=NO","2","car=YES","save_act=YES","current_act=YES","mortgage=NO","pep=NO"
"585","ID12685","thirties","MALE","TOWN","(5.01e+03,2.44e+04]","married=YES","1","car=NO","save_act=YES","current_act=YES","mortgage=YES","pep=YES"
"586","ID12686","teens","MALE","TOWN","(5.01e+03,2.44e+04]","married=NO","3","car=YES","save_act=YES","current_act=YES","mortgage=NO","pep=NO"
"587","ID12687","teens","MALE","INNER_CITY","(5.01e+03,2.44e+04]","married=YES","1","car=NO","save_act=NO","current_act=YES","mortgage=NO","pep=YES"
"588","ID12688","fourties","FEMALE","TOWN","(2.44e+04,4.38e+04]","married=NO","1","car=YES","save_act=YES","current_act=NO","mortgage=NO","pep=YES"
"589","ID12689","fifties","MALE","RURAL","(4.38e+04,6.31e+04]","married=YES","0","car=NO","save_act=YES","current_act=YES","mortgage=NO","pep=NO"
"590","ID12690","twenties","MALE","SUBURBAN","(5.01e+03,2.44e+04]","married=YES","1","car=YES","save_act=YES","current_act=YES","mortgage=NO","pep=NO"
"591","ID12691","twenties","MALE","INNER_CITY","(5.01e+03,2.44e+04]","married=YES","0","car=NO","save_act=NO","current_act=NO","mortgage=NO","pep=NO"
"592","ID12692","thirties","FEMALE","INNER_CITY","(2.44e+04,4.38e+04]","married=NO","2","car=NO","save_act=YES","current_act=YES","mortgage=YES","pep=YES"
"593","ID12693","fourties","MALE","TOWN","(5.01e+03,2.44e+04]","married=YES","0","car=NO","save_act=YES","current_act=YES","mortgage=NO","pep=NO"
"594","ID12694","old","MALE","SUBURBAN","(4.38e+04,6.31e+04]","married=YES","2","car=NO","save_act=YES","current_act=YES","mortgage=NO","pep=YES"
"595","ID12695","fifties","FEMALE","RURAL","(2.44e+04,4.38e+04]","married=YES","3","car=YES","save_act=YES","current_act=YES","mortgage=YES","pep=NO"
"596","ID12696","old","FEMALE","INNER_CITY","(4.38e+04,6.31e+04]","married=NO","2","car=YES","save_act=YES","current_act=YES","mortgage=YES","pep=NO"
"597","ID12697","twenties","FEMALE","INNER_CITY","(5.01e+03,2.44e+04]","married=YES","0","car=YES","save_act=YES","current_act=YES","mortgage=NO","pep=NO"
"598","ID12698","thirties","FEMALE","TOWN","(5.01e+03,2.44e+04]","married=YES","0","car=YES","save_act=YES","current_act=NO","mortgage=NO","pep=YES"
"599","ID12699","twenties","MALE","INNER_CITY","(5.01e+03,2.44e+04]","married=YES","0","car=NO","save_act=YES","current_act=NO","mortgage=YES","pep=NO"
"600","ID12700","thirties","MALE","TOWN","(2.44e+04,4.38e+04]","married=NO","0","car=YES","save_act=NO","current_act=YES","mortgage=YES","pep=YES"
